,LLC-store-misses,instructions,ref-cycles,LLC-loads,bytes,LLC-load-misses,blocks,cycles,LLC-stores,pkg_pwr,ram_pwr,power
0,8734,434918440,643882679,4467389,0,134665,0,518734770,191951,28.59,5.66,93.4
1,174,328098497,509603460,3741346,1347584,21722,2632,479502978,200956,28.11,5.32,110.4
2,267,381190223,602084199,4511125,483328,10814,944,539332247,225912,28.24,5.26,93.3
3,172,308602778,487407653,3525885,0,8962,0,414010310,159354,25.56,5.11,93.3
4,13802,446922202,554309775,3526580,0,169056,0,433167664,140532,26.03,5.69,93.3
5,779,378463878,640797728,4474240,0,18334,0,563523497,230902,25.14,5.27,100.3
6,372,265777971,418188048,2717783,0,5188,0,396982634,160211,24.29,5.12,110.2
7,47,261241387,421420608,2839944,512000,3582,1000,396599892,161462,25.28,5.06,104.0
8,125,292416492,460087061,3129335,0,4955,0,422386351,176426,25.56,5.03,103.7
9,8944,432177060,637916714,4152990,0,106513,0,590557728,267067,26.28,5.27,103.3
10,185,332712037,507233834,3266745,0,13273,0,473038444,196484,26.01,5.16,103.1
11,149,284158908,461274463,3271773,0,3749,0,418357320,179944,25.35,5.03,102.5
12,133,253875363,434915365,2801438,167936,5997,328,344933798,117285,23.51,5.06,102.0
13,187,202869727,363559297,2243970,0,1723,0,284190348,107851,23.87,5.06,101.8
14,4957,330907652,473482902,3182106,0,77679,0,384002971,141509,26.36,5.25,101.2
15,2881,408582118,662341678,4465652,0,28928,0,602305537,248749,25.33,5.25,101.6
16,468,244452680,387233492,2346400,0,4795,0,313165682,113556,24.1,5.17,101.6
17,267,296049596,464256680,2694437,196608,3315,384,422251279,137968,23.24,5.09,101.1
18,157,228101203,377355820,2521489,0,2583,0,342947145,140006,24.26,5.03,95.9
19,3430,360240678,536068635,3708507,0,106285,0,501793304,222259,26.61,5.24,95.9
20,1949,312609994,499074880,3692169,0,26437,0,456791744,186826,24.64,5.17,105.1
21,392,284613819,450328655,3264734,0,4814,0,436119567,185616,25.07,5.05,97.5
22,399,253342222,415437481,2919322,167936,2097,328,393326814,183295,25.18,5.01,97.3
23,392,287915826,461830201,3046696,0,2983,0,437248576,183246,23.58,4.95,97.3
24,6178,372902090,518819466,3644320,0,88786,0,477569192,194031,26.27,5.29,97.2
25,2329,286958403,444337725,3004794,0,10962,0,435486268,177189,25.45,5.18,102.4
26,415,278589661,464902283,3170980,0,4977,0,413119985,169474,24.79,5.09,102.0
27,333,306006220,522058203,3707135,225280,2917,440,452358920,170323,24.55,5.03,101.7
28,289,267775480,420690983,3120680,0,5218,0,401381731,165981,24.96,4.99,101.1
29,5196,363887088,546255355,3698374,0,86917,0,502366295,199774,26.78,5.22,100.7
30,183,277220053,476729818,3254121,0,25070,0,407428449,179441,25.53,5.17,100.8
31,54,258332323,434826488,2727277,0,7532,0,390229906,138320,23.32,5.1,100.8
32,169,257065316,403562728,2705676,167936,5054,328,379722871,146947,25.4,5.11,100.2
33,108,350531358,580709185,4032554,24408064,2222,47672,524871298,200194,24.15,5.03,100.2
34,7869,360702852,530186127,3841819,0,70139,0,465298119,195309,25.99,5.29,99.7
35,1004,335731376,532958066,4025633,0,78047,0,509550974,221485,26.58,5.23,100.3
36,249,281251713,454064780,3296437,0,5823,0,434574370,185858,25.36,5.11,100.0
37,82,229747945,381562004,2567509,425984,3000,832,350299960,147250,24.24,5.05,99.7
38,91,296064580,503902739,3517448,0,2054,0,460774366,165529,24.42,5.02,99.6
39,8592,264374179,384725870,2349513,0,80963,0,290973178,108906,25.03,5.3,99.4
40,885,478711881,708478426,4759425,0,78813,0,660628189,277029,25.19,5.32,99.8
41,137,243027910,396224508,2680143,0,5867,0,379608271,163457,24.53,5.09,100.1
42,98,290448734,472502521,3363558,167936,3569,328,439714608,169529,25.64,5.09,99.9
43,97,283482500,484006013,3111132,0,2476,0,380798952,157312,23.9,5.0,99.5
44,12604,379612322,511055778,3502080,0,195897,0,463294210,125367,25.98,5.46,99.1
45,668,244575563,409988758,2800930,0,17126,0,374110500,164979,24.87,5.21,99.2
46,127,290241928,487936386,3152746,0,6983,0,416486311,177628,23.44,5.12,99.4
47,218,306000492,479500057,3469850,196608,8185,384,436904246,183411,25.57,5.08,99.4
48,323,237104999,404666768,2875574,0,1839,0,384643024,143466,24.52,5.02,99.0
49,8831,410581024,612308082,3945969,0,114356,0,562394718,205033,24.41,5.22,98.9
50,773,297558582,480644098,3264491,0,13666,0,454419259,213181,25.49,5.16,99.1
51,355,221962347,365808529,2476855,0,5326,0,331473017,135042,24.56,5.08,99.1
52,174,320887619,532737203,3541604,167936,3075,328,511913436,201310,24.07,5.06,99.0
53,202,209565073,321452010,2163726,0,1727,0,310122790,125540,23.66,5.01,98.9
54,7379,415553620,602154798,3692860,0,87896,0,579341771,241426,24.98,5.28,98.7
55,4088,327401040,520193101,3567362,0,75673,0,507961706,189296,26.34,5.22,98.9
56,190,211041164,347912076,2306529,0,5180,0,310150267,127665,24.48,5.11,98.8
57,170,314917299,532967118,3610931,225280,3588,440,497728701,211105,23.9,5.07,98.7
58,123,182551842,284987089,1675487,0,1586,0,197394979,77464,23.59,5.01,98.4
59,7011,361226841,554696358,3686674,0,80287,0,481248610,187278,24.27,5.31,98.3
60,486,244519965,408682023,2927952,0,12188,0,363430701,164573,24.71,5.14,98.6
61,437,269173658,433518896,3068828,0,11336,0,404170570,171585,25.07,5.09,98.8
62,346,390673396,637508232,4581252,167936,4532,328,595127983,262691,25.31,5.03,98.6
63,100,236380128,380427491,2366434,20672512,4247,40376,356534337,136454,24.25,5.03,98.4
64,7645,348814865,491911151,3139859,0,86140,0,448809074,190803,25.08,5.3,98.1
65,332,372769233,570160249,3603455,0,23183,0,538534475,208025,24.46,5.18,98.2
66,290,245403827,405692000,2826957,0,6245,0,357013398,155646,25.12,5.02,98.2
67,181,327720747,480685110,3369129,454656,44838,888,430133672,172760,25.38,5.11,98.3
68,296,302359260,511440260,3281455,0,4266,0,473169552,210386,24.22,5.07,98.4
69,7489,384577933,568354911,3781142,0,86836,0,531436017,234570,26.21,5.29,98.3
70,269,279369784,445198026,3059835,0,10471,0,419081056,187188,25.6,5.18,98.6
71,184,290851166,462672168,3184161,0,9569,0,437885544,183973,25.36,5.09,98.5
72,188,269744071,438682182,2968260,167936,6011,328,391783028,145974,24.98,5.11,98.8
73,949,369545890,609049789,4316948,0,15253,0,524283844,226271,24.51,5.05,98.5
74,6437,343090808,510093334,3046271,0,87661,0,498135641,186839,25.69,5.38,98.7
75,188,276172794,434370771,2770336,0,81186,0,376083838,127880,24.06,5.23,98.9
76,373,357303600,597536839,4333005,0,12089,0,499771991,215902,25.28,5.07,99.1
77,118,210071652,331573023,2090972,253952,2857,496,301746141,93667,23.67,5.04,99.0
78,97,287997110,454350809,3081195,0,1840,0,413476913,158272,23.76,4.97,99.1
79,7524,345621001,511487144,3355080,0,85615,0,427415408,188491,25.95,5.25,98.9
80,2508,252682225,387617188,2763531,0,10262,0,363595903,119766,24.18,5.11,99.1
81,306,318891184,507757374,3676531,0,11071,0,472299407,180954,24.27,5.01,99.0
82,417,247596878,416801241,2862239,167936,3856,328,388665394,163553,24.92,4.99,99.0
83,341,252182426,404320120,2751016,0,1175,0,332930558,144190,24.45,4.92,98.6
84,4726,338487671,521132010,3470098,0,82065,0,456291413,198915,24.51,5.24,98.5
85,1864,271799728,451699334,3159555,0,6619,0,411648398,177798,24.81,5.08,98.6
86,349,263828877,437305860,2779485,0,9524,0,383447116,145816,24.04,5.06,98.6
87,189,279610695,469339890,2962913,196608,3067,384,392602450,143019,23.39,5.06,98.5
88,52,284221115,473900899,3499609,0,1489,0,453718880,185677,25.57,4.99,98.4
89,5020,329129441,478407462,3158452,0,82477,0,464169821,211666,25.78,5.27,98.3
90,269,293995667,486202026,3258799,0,12680,0,448007294,187007,25.62,5.14,98.5
91,409,325482684,524806424,3686393,0,9850,0,485434861,198348,24.85,5.12,98.3
92,297,264330184,401258069,2475093,167936,7513,328,350283621,144293,24.15,5.07,98.1
93,65,269161692,434333359,3115060,0,1455,0,413966548,177266,24.68,5.03,98.0
94,6753,407759457,616405457,4034556,21106688,77928,41224,550352432,217034,24.57,5.23,98.1
95,84,255362103,418871523,3003393,0,70923,0,383597171,108473,24.71,5.13,98.4
96,240,235207021,388071062,2584652,0,10550,0,314078560,113717,24.21,5.08,98.7
97,324,348144504,583557790,3966041,425984,3632,832,547945699,214502,25.34,5.08,98.5
98,79,262031158,434294869,3088581,0,5377,0,405188318,172715,25.38,5.01,98.4
99,3409,356013311,548108284,3805423,28672,94211,56,488925383,211820,25.61,5.25,98.3
100,481,295163217,489687991,3350958,0,21715,0,418832065,185958,25.61,5.14,98.5
101,185,339383976,546812642,3811490,0,5508,0,514303331,220444,24.43,5.08,98.3
102,116,188461028,342693282,2167215,167936,8803,328,267615447,112772,24.0,5.04,98.5
103,135,291460032,513636008,3477315,0,1768,0,387888044,172719,24.2,5.0,98.4
104,4611,340278972,565183333,3754811,0,87682,0,415595659,173999,26.55,5.24,98.6
105,1258,352758127,552708695,4004495,0,19620,0,497243377,205629,27.08,5.18,98.8
106,529,227514639,373416407,2708847,0,8157,0,346026001,151942,25.1,5.07,98.8
107,314,347932286,559380190,4032884,196608,4398,384,489788174,199417,24.11,5.12,98.7
108,174,204394823,341043889,2275895,0,1723,0,334916046,130896,24.31,5.07,98.4
109,6225,357978011,512558516,3374806,0,84040,0,453395389,166929,25.23,5.24,98.3
110,1250,282512690,480125307,3003046,0,23748,0,431191074,180151,24.18,5.2,99.0
111,233,242621135,385439975,2801162,0,3853,0,381211783,160814,24.19,5.02,99.3
112,294,273664923,470671460,2978595,167936,5584,328,371349953,150564,24.04,5.09,99.3
113,178,251750913,390376160,2723769,0,1960,0,335410484,148541,24.31,5.01,99.0
114,8355,317777336,492629588,3040433,0,74350,0,428024879,221854,26.7,5.22,98.6
115,1910,351054559,581376795,3835816,0,79553,0,537232418,224881,24.5,5.22,98.9
116,405,243764462,409240284,2759111,0,4905,0,350328690,143098,23.78,5.08,98.9
117,217,347584928,565575679,3717467,196608,6130,384,492158919,226152,25.31,5.05,98.5
118,103,243039395,400210897,2898779,0,1959,0,375533488,147234,24.95,5.01,98.4
119,6663,374797068,567515589,3787390,0,88650,0,516372113,203399,26.8,5.29,98.2
120,166,295843638,442140358,3156811,0,16009,0,388836465,154949,24.96,5.1,98.8
121,212,320409123,431622464,2782618,0,9589,0,411021681,153066,27.67,5.49,98.7
122,4480,1036761252,1012809976,6454562,171008,161839,334,912990061,392791,28.22,5.44,98.6
123,162,234715103,364215831,2499869,5677056,13046,11088,341433302,130608,24.38,5.13,98.5
124,7465,377822454,521677427,3340209,0,112420,0,490265975,186866,25.83,5.28,98.6
125,1040,315282513,515184081,3202985,20729856,24703,40488,452710232,180120,23.99,5.19,99.2
126,198,258396893,423407644,2910081,0,8634,0,396721007,160183,25.24,5.09,98.9
127,213,237207184,382548858,2706034,688128,3124,1344,333875294,134791,24.97,5.04,111.5
128,146,349582396,584133713,4146780,339968,3353,664,515564025,215810,24.44,5.08,101.1
129,6170,332291559,489559061,3424825,0,77391,0,424169477,168852,26.17,5.25,100.6
130,155,357789825,585811993,4195901,57344,15044,112,515200790,221849,27.1,5.18,100.6
131,95,285472880,458896145,3369515,0,2681,0,432205332,168632,25.2,5.0,100.3
132,264,302267638,485986681,3273011,0,7516,0,443596075,175177,23.87,5.1,100.0
133,195,232840877,379940089,2534519,483328,11076,944,362183143,157341,24.32,5.03,99.9
134,14191,339193093,532449112,3625832,0,77933,0,463732576,223511,27.19,5.3,99.7
135,647,289574959,479458438,3371150,0,75656,0,436994360,186584,24.84,5.21,100.1
136,436,349734497,587488477,3981470,0,5603,0,547743530,217631,25.18,5.06,100.4
137,203,261685977,442017090,3013166,0,4852,0,400798182,180990,25.62,5.02,100.0
138,215,187570288,344437614,2358762,167936,2619,328,296988688,106804,24.03,5.06,99.6
139,7530,367066781,531219368,3501499,0,110240,0,500699526,203169,27.62,5.25,99.4
140,1719,414705254,642603519,4227456,0,25302,0,574618029,229606,25.22,5.21,99.9
141,234,221475183,350574825,2221226,0,1856,0,299895493,108301,23.94,4.97,99.8
142,247,331082612,523405002,3419040,0,2964,0,499423855,176933,24.45,5.04,99.7
143,404,269068508,434893120,3203630,196608,2569,384,413231037,169169,25.28,5.05,99.6
144,6947,359599285,538106000,3804471,0,83426,0,475477734,188208,27.33,5.37,99.3
145,1936,305708795,483696711,3739055,0,14302,0,434204730,194476,25.74,5.13,105.5
146,185,244559807,388303876,2436103,0,4191,0,331769891,131638,24.9,5.05,97.2
147,231,330733910,536346372,3644062,0,3323,0,503942422,207592,24.34,5.06,97.0
148,244,213030751,320177599,1919115,167936,2603,328,309790532,91674,23.41,5.0,97.3
149,5893,443382904,633250735,4053064,0,110788,0,594556159,252723,25.92,5.22,97.3
150,2136,312326014,491308292,3488481,0,8526,0,480918646,214126,26.04,5.06,106.9
151,418,274588728,469693610,3175785,0,2508,0,419789531,175499,25.75,4.96,98.1
152,284,344546132,560623555,4089556,0,2536,0,538174651,229549,26.27,5.02,98.1
153,140,222580168,361329327,2591710,225280,6251,440,343038399,137745,24.3,5.04,97.9
154,4966,376023500,549203010,3848056,0,120483,0,472454299,193116,28.72,5.35,97.7
155,908,392329877,610860168,4152934,21184512,95590,41376,564738963,231107,24.96,5.25,98.3
156,93,262546621,477377989,3199752,0,4827,0,407267715,191539,25.5,4.98,98.3
157,262,276409719,451840402,3099596,0,4668,0,415825981,171069,25.01,5.05,98.8
158,351,254662692,411340258,2950295,225280,2768,440,381915853,141668,24.6,5.05,98.8
159,5629,365355781,566429602,3710666,0,121934,0,461152598,208906,25.52,5.25,98.6
160,1007,298226381,487189650,3538431,24576,9701,48,468321847,196025,25.64,5.14,107.3
161,117,241443496,381273056,2790243,4096,5351,8,364394010,141990,24.56,5.08,99.4
162,476,360524937,525297139,3357933,0,52804,0,434694290,169578,23.96,5.2,99.4
163,116,246285212,406671122,2717249,253952,9945,496,369005393,153668,25.16,5.08,99.3
164,6246,369672750,561929191,4037188,0,115066,0,524379679,222724,26.25,5.26,99.0
165,360,275566909,451226621,3123822,0,10741,0,398790553,146282,24.83,5.16,99.2
166,309,259385918,412124522,2961423,0,3734,0,386583186,160431,24.92,5.04,99.2
167,526,367710555,582761639,4267021,0,4996,0,569426235,232257,25.48,5.08,99.1
168,320,237131754,384438424,2370672,167936,7831,328,358635539,137142,24.01,5.05,98.9
169,2704,402004898,589328885,3912400,0,95837,0,540303649,215026,26.4,5.25,99.0
170,714,261760741,426705189,3007801,0,15105,0,351432152,137784,25.13,5.1,99.2
171,66,244857092,385799927,2588090,0,4666,0,343788655,140468,24.13,5.05,99.1
172,147,318986088,510622878,3586589,0,3808,0,463935685,170254,24.64,5.09,98.9
173,90,223698405,366507197,2408109,225280,6293,440,328804257,146315,24.98,5.04,99.1
174,6634,355246954,534353752,3601626,0,114458,0,442300015,186960,26.48,5.31,98.6
175,1731,348138654,556226735,3954998,0,76793,0,532827633,204702,23.89,5.3,99.1
176,187,215329478,356076693,2213817,0,2656,0,304980573,110595,23.88,5.02,99.0
177,183,232741868,388064481,2483118,0,1880,0,373171359,153754,25.37,5.0,98.9
178,272,385399857,632099218,4506503,167936,2950,328,594891455,221858,25.14,5.04,98.6
179,9809,356089409,527909441,3539757,0,91769,0,466154496,199300,25.61,5.2,98.6
180,1395,263817991,421917524,2703104,0,13103,0,337259251,139824,25.06,5.16,99.0
181,202,279009638,483153599,3345227,0,4245,0,398174928,160827,24.38,5.06,98.7
182,125,208264665,351029415,2289574,0,2552,0,294692554,121716,23.55,5.03,98.5
183,144,282517491,491362979,3373754,196608,3021,384,437353112,187110,25.06,5.03,98.6
184,6559,379534489,564019569,3909537,0,75586,0,509537981,191283,25.93,5.27,98.7
185,844,265681519,429374374,2820193,0,11877,0,383377674,171601,24.3,5.14,98.7
186,594,278633876,477369578,3137687,20877312,9471,40776,414472867,134977,23.98,5.14,98.8
187,273,209945482,314303819,2155741,0,37168,0,311589814,124408,23.77,5.14,98.6
188,206,315412893,498999114,3299732,225280,4679,440,469221575,185742,24.73,5.06,98.2
189,10561,349849328,515354494,3579159,0,87131,0,460536680,239579,26.43,5.29,98.4
190,890,259966074,415528273,2737774,0,22231,0,371619392,139694,24.1,5.19,98.6
191,417,278353325,445952250,3205628,28672,6136,56,419710137,182858,26.0,5.05,98.5
192,389,373628700,595023645,4145150,0,5301,0,568210372,240581,24.79,5.11,98.2
193,227,204222350,323492018,2093915,282624,2620,552,275560664,87817,23.84,5.03,98.0
194,5213,389386303,574493803,3439380,0,91541,0,556605600,177141,24.64,5.27,98.0
195,233,287522836,475989088,3288460,0,74000,0,418966157,175967,24.96,5.21,98.5
196,597,209126824,361773159,2472950,0,6768,0,298674519,118489,24.98,5.06,98.3
197,468,340716486,563940425,3917756,0,3408,0,533482727,221457,24.31,5.0,98.7
198,128,212523923,364111514,2074609,167936,3205,328,310598483,137126,24.2,5.06,98.4
199,5691,426908409,642525383,4353443,0,108066,0,542268380,201110,25.89,5.27,98.2
200,271,203557496,365772704,2269706,0,10364,0,258780463,112527,23.69,5.17,98.2
201,132,274234246,447865634,2837266,0,3311,0,405499923,164351,24.17,4.97,98.2
202,131,195610325,318851729,2027597,0,8401,0,311546731,132543,24.68,5.0,98.4
203,347,340906857,550465547,4013989,167936,2577,328,520838691,200017,24.15,4.95,98.2
204,6280,273642298,398784845,2759624,28672,64501,56,361332081,145202,24.74,5.24,98.0
205,2081,245879024,419060384,2599942,0,16647,0,334175868,95397,24.23,5.17,98.3
206,471,265579772,450269639,3117845,0,3893,0,415214976,174717,24.3,5.05,98.1
207,294,256094539,412935708,3020551,0,1995,0,395044636,159604,25.82,5.02,98.0
208,257,310338091,491131630,3490379,167936,5602,328,427671052,159012,23.84,5.02,98.0
209,4931,306580646,450041791,2992052,0,63403,0,437238975,183615,25.18,5.24,97.8
210,677,316355592,524150997,3396109,0,19444,0,468753151,195635,24.3,5.12,97.9
211,92,201788386,318027919,1957252,0,5224,0,288259185,113446,23.53,5.05,98.1
212,118,313723579,516390762,3685018,0,3098,0,487292923,200219,24.99,4.99,97.9
213,91,206643470,342302911,2522627,196608,4578,384,315006570,126105,23.96,5.01,98.1
214,6006,388997393,604775058,4307307,0,71376,0,527378625,196682,24.93,5.31,97.9
215,458,235422449,378323270,2735821,0,17336,0,333828564,132305,24.27,5.2,98.0
216,720,216339092,372091950,2893573,0,8650,0,316963910,130099,25.04,5.05,97.9
217,560,350884297,586114009,4101185,19283968,2483,37664,541081715,213038,24.81,5.05,97.8
218,517,259819696,430916763,3070154,225280,2750,440,405159391,157624,24.97,5.01,97.7
219,10144,363878138,525959310,3524434,0,85629,0,485980232,196039,26.73,5.25,97.6
220,200,292653612,501284954,3670030,0,22731,0,426982984,178017,25.61,5.13,97.8
221,121,304945649,491347980,3667711,0,4617,0,462238815,198376,25.7,5.07,97.9
222,317,253178253,418386233,3042130,28672,3247,56,384920277,165281,24.62,5.06,98.1
223,167,262874722,447538807,3024950,253952,2657,496,396635063,144056,23.42,5.07,98.1
224,7023,346697884,552618417,3928761,0,92062,0,456216003,190968,25.61,5.24,98.1
225,1464,242419409,421917956,2874211,0,8635,0,354430986,144252,23.87,5.12,104.3
226,241,205193206,353337361,2218904,0,3503,0,318654090,121229,24.75,5.05,103.7
227,178,363571827,597769073,4177562,0,8353,0,536416038,223997,24.61,5.01,98.1
228,84,227762388,380871789,2606211,167936,2242,328,365769261,159150,24.17,5.0,98.0
229,4838,307533595,461735869,3371640,0,72195,0,401544675,162487,26.43,5.3,97.8
230,897,359639946,580567621,3775356,0,21057,0,529830803,240552,24.66,5.11,98.2
231,148,245067861,405975030,2753340,0,3492,0,375513639,147244,24.21,5.02,97.9
232,190,310529247,509287425,3491524,0,5443,0,450932968,155511,24.6,5.07,98.0
233,1117,187973149,311648180,1918025,196608,2893,384,301924656,118531,24.11,4.98,98.1
234,4845,328361248,497857654,3263533,0,81143,0,434021689,204789,25.36,5.29,97.8
235,1615,289425905,486591135,3564067,0,101355,0,440907249,181867,26.08,5.14,103.3
236,326,300412813,479349830,3404921,0,4325,0,461107823,202245,25.43,5.01,98.0
237,200,333469569,562774785,3912885,0,2422,0,517012585,203147,24.14,5.02,98.0
238,215,265037009,419020766,2784624,167936,3019,328,365204455,132783,23.93,5.08,97.7
239,5714,320008363,469726774,2960617,0,86325,0,367324735,164088,25.6,5.3,97.8
240,512,280853896,455086578,3187767,0,8049,0,417577965,153020,25.19,5.14,98.1
241,340,279852793,451131886,3097800,0,3987,0,441880469,173037,24.02,5.05,98.5
242,378,199981547,350114604,2353873,0,1837,0,308853015,118578,23.8,5.07,98.6
243,481,326149205,531603942,3675760,196608,2981,384,488723164,199777,25.18,5.01,98.2
244,6870,351321031,519136203,3539074,0,88511,0,471813322,204335,26.9,5.26,98.0
245,785,267287155,451268945,3119109,0,7582,0,414396771,187802,24.11,5.17,98.6
246,245,242616986,410455747,2903322,0,3246,0,350348465,151947,25.34,4.99,98.4
247,539,349850529,566429484,3861810,0,5820,0,531399722,229291,24.45,5.06,98.2
248,203,247450799,397100558,2656867,18968576,3924,37048,376256298,159529,26.12,4.99,98.0
249,4195,346470635,516881240,3228079,0,82815,0,454612528,156235,24.83,5.34,98.1
250,160,365153538,598219159,4290513,0,21386,0,537274119,206471,24.96,5.09,98.6
251,191,254742319,441607803,3056471,0,3412,0,400554007,169912,24.92,5.05,98.5
252,343,225582679,360996416,2382524,0,2892,0,325168336,133462,24.28,5.03,98.6
253,615,317837630,491105531,3191848,454656,3435,888,481860580,165156,24.52,5.01,98.6
254,6149,301646352,452971441,3131079,0,60209,0,378793964,134415,24.86,5.34,98.6
255,245,289020216,485155134,3532047,0,80539,0,444078404,162332,25.48,5.18,98.7
256,180,311113494,468833278,3027256,0,6288,0,427369791,160817,23.61,5.06,98.8
257,99,198577335,312620463,1849057,0,3292,0,235679578,99946,24.32,5.0,98.6
258,107,327639534,535634966,3672647,282624,13848,552,497917339,200816,23.97,5.0,98.5
259,4696,296373985,407137466,2783310,0,90034,0,351603993,134332,24.94,5.3,98.4
260,719,276220742,491107484,3027313,0,26261,0,412547140,161850,23.99,5.13,98.5
261,307,283769248,447293809,2852101,0,3311,0,373952296,132283,24.17,5.01,98.6
262,131,217854979,360411812,2335370,0,5105,0,300399519,134399,23.95,5.0,98.2
263,268,295415648,482137345,3417568,253952,5782,496,423564176,171396,25.09,5.02,98.2
264,5914,356387350,527192369,3155797,0,93656,0,476960072,199796,24.87,5.26,97.9
265,242,291844247,459715658,3257737,0,7512,0,431223229,179425,25.26,5.14,98.0
266,156,244688232,417155629,3076465,0,4743,0,382549200,160303,24.47,5.02,97.9
267,318,352432289,573294937,3988147,0,2700,0,529496560,203706,25.39,4.98,97.8
268,80,256241101,441212765,2993053,167936,4961,328,406988748,164125,24.76,4.99,97.8
269,2776,325273513,491365356,3153075,0,85070,0,380011663,124962,24.59,5.23,97.7
270,279,305458838,555110822,3728665,0,15750,0,447081163,190020,24.96,5.07,98.0
271,124,224207187,374804157,2525078,0,2966,0,351971469,140890,24.13,4.99,98.1
272,257,235020093,404577710,2729223,0,2373,0,365637367,159821,24.76,4.93,98.0
273,222,272548202,467159536,3141174,225280,6788,440,431765392,173603,23.57,4.95,98.2
274,6989,320565260,460576795,3294072,0,70341,0,409603509,156537,25.61,5.27,98.1
275,1812,344034651,541086233,3491320,0,84787,0,458752951,170824,24.6,5.12,98.1
276,412,265532910,442310372,3058856,0,5406,0,416480921,195504,25.01,4.97,98.2
277,1804,240950775,388577358,2674744,0,6192,0,376684047,154111,24.47,5.08,98.0
278,746,320898559,536618798,3594186,20303872,7182,39656,488277077,181416,24.75,5.0,98.0
279,7605,296231497,403838618,2744165,0,87202,0,369937338,145163,25.02,5.28,97.8
280,277,337568525,560992630,3739978,0,17638,0,527230459,202702,24.88,5.1,97.9
281,58,272035718,456494058,3273570,0,2361,0,420831369,178000,24.53,4.96,98.1
282,426,204040590,365452232,2501691,0,3555,0,321438436,119474,25.11,5.01,98.1
283,401,281126769,452459976,3244503,282624,6727,552,415735930,177163,24.37,4.97,98.0
284,4763,349084963,524992634,3251851,0,93921,0,460265274,165887,24.69,5.24,98.0
285,910,253587053,409894136,2572485,0,6613,0,393481712,167195,24.87,5.05,98.1
286,116,305879563,486023893,3186652,0,4822,0,480373657,165037,23.9,4.99,98.3
287,133,190364889,334870366,2179074,0,6282,0,293456039,110092,24.36,5.02,98.0
288,142,322376530,533645442,3769972,167936,3528,328,497100589,208719,25.11,4.93,98.3
289,8159,413877747,626196217,4250984,0,69620,0,556263751,240240,26.3,5.21,98.0
290,1265,318469848,466369519,3128530,0,118574,0,428956540,157990,25.01,5.28,98.1
291,106,242503433,385225854,2651932,0,7610,0,367125280,151726,25.46,5.05,98.1
292,961,284377301,472766414,3520737,0,4956,0,438751296,175958,25.39,4.99,97.8
293,436,294896569,471602140,3050061,225280,3462,440,410565377,171939,24.15,4.98,97.8
294,8808,401273405,583788343,4140015,0,85265,0,547871720,226630,26.85,5.25,98.0
295,190,273408312,449150777,2923329,0,93613,0,427126673,161336,24.4,5.06,98.4
296,97,295274006,490610093,3345240,0,6752,0,421940195,191626,24.48,5.03,98.4
297,77,244475739,388719974,2430241,0,6099,0,339703387,142065,23.9,4.98,98.7
298,32,238166899,388224992,2749089,167936,2516,328,343676823,137970,24.5,4.9,98.6
299,3671,307201709,465618826,3231185,0,93708,0,407570363,165173,26.68,5.21,98.5
300,638,325467581,543420798,3841550,0,21427,0,505873614,212507,24.89,5.05,99.0
301,307,228757689,369066312,2640107,0,2979,0,364559487,132383,23.94,4.99,98.9
302,199,296190808,486298597,3088931,0,5382,0,459902054,175093,24.75,4.99,98.5
303,152,223578471,393864887,2508525,167936,2401,328,350439035,152195,23.82,5.0,98.3
304,4253,374745366,546630078,3265119,28672,74512,56,463969270,157504,24.28,5.2,98.1
305,1110,238958395,392540372,2723854,0,9169,0,361091762,150514,24.71,5.12,98.7
306,127,251242203,456216352,2923864,0,7901,0,385584549,142071,25.0,4.97,98.6
307,176,223794279,383683099,2574689,0,41277,0,352168672,115242,24.07,5.06,98.3
308,583,326448127,533372671,3678549,167936,6404,328,488131106,200394,25.09,5.01,98.2
309,9167,345568846,522366852,3203695,19578880,95568,38240,494049475,206697,24.55,5.29,98.0
310,1621,262398826,443551197,2953138,0,9105,0,385691554,168942,24.98,5.13,98.2
311,277,250205557,371009586,2412253,0,7702,0,364552999,138056,24.34,5.07,98.0
312,430,319240922,492284054,3680814,0,37057,0,467314095,203122,25.07,5.05,98.0
313,390,230612774,387349727,2674285,225280,2946,440,353483243,135953,24.27,4.97,97.9
314,6073,396177380,554817828,3458714,86016,105005,168,537502953,208992,24.6,5.29,98.0
315,1712,336874698,520558835,3247309,0,24802,0,450287990,143903,24.82,5.11,98.0
316,91,267233686,428494371,2939869,0,4645,0,401214914,177680,24.15,5.02,98.0
317,70,242778808,392268950,2732484,0,7551,0,342582731,136815,24.69,5.04,98.1
318,149,261300802,424294184,3069748,167936,3774,328,405761103,166842,24.93,4.97,98.1
319,8595,408018738,628057217,3947884,28672,85913,56,517432993,231749,26.04,5.23,97.9
320,268,282514289,449887791,3187539,0,9335,0,383750548,131301,25.4,5.1,98.0
321,142,256119959,417805191,2943277,0,2160,0,383039192,150938,24.62,4.95,98.1
322,151,315888172,515988001,3240699,0,9876,0,510795906,199424,25.13,4.97,97.9
323,103,243251506,409192457,2888311,167936,2452,328,384140338,163520,23.94,5.0,97.8
324,3902,322961955,467432864,3252440,28672,85852,56,411608205,163120,27.29,5.23,97.9
325,668,371655890,579343790,4058525,0,10669,0,568069528,219566,24.82,5.07,98.4
326,98,214060283,358308434,2633271,0,7629,0,301949498,130431,24.1,5.03,98.4
327,150,235377846,425196818,2828369,0,3030,0,342600048,148214,23.65,4.99,98.4
328,55,234034269,380625984,2746170,167936,3035,328,367711053,156246,25.13,4.9,98.4
329,4977,409287021,617447994,3933739,0,86421,0,556403988,282044,26.59,5.17,98.2
330,874,274263064,433276549,2783865,0,11186,0,376812421,149953,24.22,5.15,104.6
331,105,270190526,414497709,2506623,0,8139,0,381740481,153790,23.19,4.98,98.1
332,334,207982372,356269557,2308094,0,3394,0,313085207,115641,24.59,5.0,97.8
333,270,299793944,500076377,3334053,167936,6311,328,455119532,193313,23.96,4.94,97.7
334,7498,318218730,497047444,3491192,28672,95273,56,431242228,184948,26.24,5.27,97.6
335,918,276513715,447597424,3177191,0,15486,0,411578995,131318,25.25,5.17,103.5
336,727,327204243,517802297,3269340,0,7708,0,470536718,178053,23.17,5.02,95.8
337,149,234419215,381471712,2521735,0,2354,0,344677445,152080,24.94,4.98,95.9
338,116,241758897,385452676,2805129,167936,3030,328,362083766,151576,24.59,4.92,96.0
339,7420,371031931,573216575,3816360,0,96502,0,517365381,208907,23.87,5.25,96.2
340,404,277636605,451825866,3166960,19132416,17179,37368,425331010,184229,25.52,5.12,101.6
341,161,277178773,440843371,2932185,0,6728,0,390443333,133598,23.45,5.01,101.1
342,155,176482854,272211929,1866029,0,1168,0,237398555,99188,24.11,5.0,100.6
343,385,311889214,479413834,3334002,225280,2084,440,475370134,175243,23.72,4.97,100.1
344,6853,315038849,491055744,3399155,86016,76513,168,449467630,187687,25.7,5.23,99.9
345,786,262137735,428755534,3054124,0,22164,0,346717635,163971,24.25,5.12,99.5
346,317,207672184,346945071,2216895,0,3536,0,259765337,119170,24.9,4.98,99.5
347,330,272519419,461269952,3322790,0,1503,0,393784908,188041,24.79,5.01,99.1
348,242,309952763,544895596,3812130,167936,3276,328,459786353,181462,24.52,4.93,98.8
349,8747,329245016,467601862,3125890,0,181214,0,421254980,155846,27.18,5.43,98.5
350,2561,312137857,523068652,3348669,57344,26064,112,455508421,191499,23.99,5.22,98.8
351,66,237036016,379363747,2521086,0,2601,0,332326811,119285,24.62,5.0,98.5
352,241,302337935,509245563,3521445,0,4336,0,450115858,165768,24.38,4.99,98.6
353,169,235852656,384475950,2528172,225280,2828,440,352473098,140584,24.64,4.93,98.6
354,8017,303623144,431492260,3071444,86016,87938,168,379796490,151964,25.89,5.27,98.3
355,2160,376512355,619877004,4388840,0,15383,0,543197971,232288,24.3,5.05,104.1
356,108,201744366,343972306,2466216,0,2170,0,302705897,116014,24.77,5.0,98.4
357,150,240231439,402549810,2888475,0,2272,0,373528945,156576,24.39,4.99,98.1
358,441,289858860,498778232,3257713,167936,3291,328,455825621,183820,24.02,5.0,98.1
359,8581,330512037,480860291,2904160,0,85279,0,443784549,182586,26.74,5.59,97.9
360,11244,550873819,733482539,4436320,0,330767,0,606957864,198419,24.11,5.24,98.3
361,692,164510900,268645459,1581387,0,5207,0,236513931,79788,23.77,5.05,98.3
362,217,330045801,541208958,3985677,0,2613,0,508218613,187764,24.9,5.05,98.1
363,173,250907709,399171196,2754689,167936,2577,328,379739798,155261,24.77,4.98,98.0
364,5594,334346474,482111077,3315253,28672,135658,56,412433416,171203,26.87,5.32,97.7
365,1467,372049472,616742912,4046397,0,7981,0,548337607,244051,24.21,5.05,104.1
366,232,187374869,300565405,1877370,0,8929,0,276691948,90433,24.0,5.06,96.2
367,144,234959274,387510098,2790843,0,2572,0,353621656,139780,25.4,4.96,96.3
368,395,363452399,602055732,4400813,167936,2191,328,572689051,246705,24.41,5.0,96.7
369,2731,326236185,452102842,2759537,0,99185,0,422941761,184625,25.15,5.34,96.6
370,3274,264512999,445471705,3019717,19087360,22476,37280,356639456,147833,24.17,5.1,103.3
371,415,292220960,475527986,3391180,0,3985,0,444177544,188652,24.26,5.01,97.7
372,137,249424643,408242066,2863290,0,1595,0,380773936,163622,25.29,4.94,97.5
373,203,308207742,486906724,3222030,339968,2640,664,449630731,176468,23.67,4.93,97.8
374,5365,307684712,484251651,3038783,0,78614,0,421929794,181811,25.5,5.3,97.7
375,2013,306182364,497350363,3367786,0,93562,0,475627798,191988,25.29,5.11,97.9
376,289,346211486,546955374,3707294,0,4907,0,507848616,201628,23.84,5.05,97.8
377,162,248866311,408820877,2899827,0,2691,0,378218823,132555,25.62,5.01,97.9
378,284,247265234,421061528,3056062,167936,2976,328,380904907,165004,24.88,4.9,97.9
379,8451,387115834,600673869,4278861,0,100451,0,536398710,217342,25.74,5.3,97.7
380,2001,253362316,411115894,2706750,0,10161,0,370877298,157016,24.94,5.17,98.0
381,202,231400226,361436933,2381073,28672,7260,56,368732657,141225,25.11,4.99,98.1
382,300,316813274,544323192,3590906,0,3043,0,468433479,221918,24.45,4.98,98.1
383,96,274257239,430712087,2919605,196608,2229,384,404814081,159623,24.72,4.89,98.2
384,8020,307395912,458656273,3125731,0,63948,0,406400686,149922,24.5,5.21,98.1
385,1014,296508733,479122108,3193022,0,15142,0,412833900,161456,24.36,5.07,98.5
386,71,272710730,436097038,3090953,0,6281,0,420411919,154895,24.44,4.96,98.4
387,569,243632462,395474104,2932016,0,5505,0,376312588,163638,24.67,4.99,98.5
388,455,236372386,389268991,2716434,167936,2386,328,380903183,154144,24.25,4.94,98.3
389,5259,446538152,667490735,4312252,0,84565,0,613511881,230412,26.3,5.24,98.3
390,796,288502697,466608434,3259174,0,8610,0,431267606,178801,25.15,5.06,98.4
391,75,194364466,349569948,2353321,0,4539,0,292277844,114002,24.67,4.99,98.1
392,101,354915674,577478556,4113488,0,6030,0,509994686,223365,24.61,4.96,98.1
393,69,203499727,331404322,2245238,167936,2215,328,314411469,121923,24.58,4.93,98.0
394,5582,328870361,483837580,3057846,28672,66901,56,398867726,162912,25.37,5.28,98.0
395,599,349786266,603367584,4044361,0,98263,0,562342294,217417,24.38,5.13,98.5
396,107,237618529,398611316,2856103,0,8300,0,365682568,141649,24.76,4.98,98.4
397,166,276560307,459994184,3224234,0,2653,0,440418446,178435,24.96,4.96,98.4
398,188,251600745,479386720,3454792,167936,2630,328,372765985,161192,23.65,4.99,98.3
399,5497,319233378,465971449,2951449,0,108866,0,380039132,161541,25.17,5.28,98.2
400,1306,292299738,469413816,2970741,0,25224,0,463205621,211323,24.57,5.21,98.5
401,967,248646670,397940487,2647206,18763776,3517,36648,342964103,149419,24.58,4.98,98.4
402,374,235378530,384208697,2405559,0,2116,0,364006300,154405,24.84,4.99,98.3
403,345,293331458,487917755,3132700,225280,2369,440,423961019,180942,23.77,4.95,98.3
404,6536,338095968,506801173,3292593,86016,82185,168,451749606,181005,28.69,5.28,98.1
405,361,305254963,559388719,4197565,0,9858,0,406687129,177558,24.2,5.08,98.3
406,90,284279757,462304874,3051307,0,6478,0,416645405,175215,24.97,5.02,98.4
407,309,225681799,374585429,2489621,0,2164,0,340297001,135818,25.05,4.99,98.1
408,311,331861544,542221840,3836034,167936,2313,328,467773179,160879,23.73,4.96,98.2
409,4639,299838602,435140923,2960350,0,79306,0,364781020,145453,25.3,5.23,97.9
410,572,311070400,503099051,3835469,0,10467,0,472614648,211545,26.0,5.09,108.5
411,802,221795694,377367471,2365176,0,5551,0,256384178,134182,23.65,5.02,96.9
412,435,306331371,496262841,3350294,0,3019,0,473372013,204776,25.29,4.94,96.9
413,432,265275192,427152531,2977953,167936,1804,328,413794829,168147,24.19,4.96,97.2
414,6533,368726151,539907755,3863109,28672,69651,56,496715659,213155,27.44,5.28,97.1
415,396,262852816,435578756,3003523,0,81813,0,364421263,119448,24.35,5.16,97.5
416,138,269384416,436028285,3109249,0,7634,0,424767824,155590,24.7,5.05,97.7
417,293,231213611,373263766,2577983,28672,2292,56,330732182,143660,24.16,4.99,97.6
418,380,299209601,482040838,3166588,167936,2680,328,383651377,137771,24.17,4.94,97.8
419,5953,348224438,497857545,3117419,0,69757,0,442377760,199979,25.63,5.32,97.7
420,1332,416252307,592221217,3686191,0,111109,0,525310491,207496,25.39,5.17,104.7
421,8580,470715011,629247811,4015839,0,117908,0,576277779,236500,27.72,5.45,97.5
422,119,299572729,477834995,2904071,253952,17546,496,440035708,170925,23.51,5.13,97.5
423,284,214310006,363937757,2364646,0,7584,0,332179147,138309,25.46,5.0,97.6
424,5397,374744542,577470280,3838418,0,103951,0,513343431,229271,25.03,5.31,97.4
425,1336,343905071,546748359,3450932,0,19140,0,513935614,190017,24.58,5.08,97.8
426,459,251613432,378061304,2446434,0,11603,0,356559108,142924,24.18,5.12,98.2
427,2352,280743985,469439324,2960594,5271552,43544,10296,431563667,180329,24.34,5.11,98.8
428,355,239235197,396204805,2634754,0,2824,0,310233316,132002,23.8,5.02,98.6
429,7430,329480694,492780801,3099905,0,99115,0,435105315,170799,26.54,5.33,98.8
430,283,303768832,545903830,3759704,0,27605,0,472405711,200352,25.56,5.1,98.8
431,513,252741654,413901324,2816868,0,5643,0,349842695,150149,25.44,5.05,98.7
432,164,264451276,432636756,2942603,21491712,6509,41976,399939493,176951,24.96,4.97,98.5
433,100,370831676,598221384,4061982,0,2163,0,567763084,245363,24.52,4.92,98.5
434,7495,409232884,588391165,4045717,0,94569,0,542349140,229079,27.45,5.28,98.1
435,1431,328169071,531262998,3691463,0,82556,0,482101179,196095,26.38,5.06,104.3
436,104,235656159,383747273,2631996,0,4298,0,348624739,152138,24.9,5.04,97.8
437,360,270701199,425684082,2794901,225280,2227,440,374802350,158308,23.98,5.06,98.0
438,415,339618686,542252642,3409868,0,1540,0,535375324,220213,26.36,4.99,98.1
439,11410,342976696,551322518,3424029,0,101008,0,445368353,211152,25.88,5.4,98.2
440,2353,261470030,431733011,3143825,0,20749,0,405679410,143268,24.86,5.17,104.1
441,217,283666031,480648363,3237431,0,5759,0,442131869,190845,24.23,5.05,103.6
442,354,232008552,375594940,2660187,233472,2619,456,360239573,139042,24.88,5.01,98.0
443,299,239091304,385217739,2550442,0,1193,0,369811825,152801,23.66,4.98,98.0
444,5160,381116783,564514419,3804232,0,99404,0,510642710,207317,26.45,5.33,98.2
445,2641,307237686,484276941,3370800,0,7164,0,452675237,191170,24.48,5.12,98.6
446,222,261158264,419731371,2967798,0,3502,0,380204365,155601,24.43,5.05,98.6
447,519,290685034,465388002,3269422,196608,6452,384,445311053,183810,25.09,5.01,98.3
448,157,258725766,401991941,2733789,0,1391,0,383768770,160498,23.63,4.97,98.4
449,4355,384199473,589753046,3740169,0,76458,0,470583156,162025,25.47,5.3,98.2
450,1212,191320269,390420120,2345166,0,11885,0,227738088,111232,23.78,5.09,98.6
451,408,256576572,407952945,2970216,0,6156,0,351956073,141565,25.61,5.09,98.5
452,561,321197456,515742850,3525022,225280,3988,440,478895010,195375,24.22,5.04,98.6
453,357,233731110,386265213,2480347,0,1274,0,383853971,150438,24.49,4.99,98.5
454,4905,472923080,686635866,4290250,0,124175,0,632664524,237388,27.78,5.38,98.3
455,218,200005500,391650572,2542252,0,73507,0,303897748,113657,25.21,5.18,98.4
456,86,310627242,501038694,3545536,0,4066,0,478587858,197709,24.55,5.1,98.3
457,280,284499799,458443272,3191021,339968,7207,664,431701148,172548,24.78,5.03,98.5
458,277,328386584,555247607,3961858,0,9773,0,496793954,210758,25.58,5.08,98.2
459,8564,317484128,446291152,3114597,0,74642,0,407017648,141112,24.75,5.32,98.3
460,449,321470928,509167749,3365711,0,12652,0,431522670,148680,24.31,5.17,104.0
461,152,252501121,416930548,2977821,0,3836,0,385845329,153271,25.05,5.03,103.4
462,539,269260750,450151872,3300596,167936,5692,328,403226623,166719,24.12,5.07,98.1
463,296,288897164,449473526,2769792,20094976,4406,39248,442845486,169328,25.11,4.97,98.2
464,8885,386849661,568777145,4037350,0,97211,0,516242313,223926,26.53,5.27,98.2
465,356,292869571,471765264,3156048,0,9777,0,444177636,196910,25.21,5.14,98.4
466,168,261192041,431977716,2918221,0,3124,0,423549830,168435,23.84,5.06,98.4
467,294,317580093,528304153,3626924,311296,5576,608,521318957,201984,24.94,5.03,98.3
468,80,210765473,363626892,2319092,0,3722,0,301474717,113685,23.47,4.93,98.3
469,6862,386011802,580231033,3831212,0,71463,0,526233787,208974,25.55,5.21,98.4
470,189,300550409,506494252,3538562,0,14935,0,436894429,170285,25.41,5.07,98.8
471,117,295183090,501939593,3624242,0,3388,0,457752026,172979,24.61,5.01,98.8
472,110,267639465,428444992,2787442,167936,6244,328,353244431,144836,23.89,5.05,98.7
473,254,243363377,410966606,2944752,0,4389,0,366813167,168667,24.91,4.9,98.5
474,8810,327346125,482932962,3184480,0,75598,0,449054702,228539,27.93,5.33,98.3
475,1613,326666481,528279524,3548910,0,103364,0,504402654,221659,24.94,5.13,98.6
476,129,279558580,461171985,3068312,0,3925,0,431284245,179234,24.91,5.01,98.7
477,286,333295326,545270292,3798627,196608,2687,384,526727780,228892,24.52,4.97,98.5
478,51,233621401,389917807,2837926,0,1636,0,372004522,132622,24.92,4.92,98.3
479,6541,340252928,501419868,3510740,0,74104,0,425768450,175968,24.74,5.26,98.2
480,3330,290482501,478795714,3262263,0,22290,0,410283586,153226,23.97,5.09,105.2
481,458,286069394,472209647,3083113,0,5133,0,397030820,157997,24.17,5.1,99.4
482,704,222901028,344822981,2123948,167936,2257,328,340210962,134292,24.54,5.02,99.3
483,186,240133805,387031686,2710480,114688,2127,224,371368580,141273,24.24,5.01,99.0
484,7343,387970588,552725111,3683302,0,85110,0,498383280,228994,25.24,5.28,98.9
485,2168,301262337,481822144,3208427,0,15982,0,431348804,175291,26.35,5.11,98.9
486,321,295858484,485368175,3484209,0,2407,0,443155231,193144,24.59,5.02,98.7
487,418,311188025,510288151,3420531,225280,2770,440,485259032,186106,24.62,5.0,98.5
488,125,293208133,479037113,3346327,0,1448,0,463416675,180168,25.71,4.9,98.4
489,2964,405101088,582857466,4162145,0,94629,0,548917817,224145,26.6,5.34,98.2
490,1734,271711126,456684628,3369947,0,16928,0,389937533,165237,24.67,5.06,98.5
491,581,262098178,450106495,2807251,0,5337,0,366021987,160088,24.76,5.03,98.8
492,456,263034183,421588534,2779966,225280,1916,440,391997080,177979,24.42,4.98,98.8
493,333,239790465,375672958,2465253,19329024,3765,37752,358461742,146477,24.26,5.0,98.7
494,25675,441092033,615663231,3706455,0,111613,0,527022690,211212,24.17,5.38,98.7
495,638,250356547,411575211,2648536,0,81887,0,320870622,132200,24.7,5.13,99.2
496,183,303503486,489396955,3100097,0,4947,0,442003904,169613,24.78,5.04,99.2
497,396,209988489,367199783,2349936,339968,2627,664,318369310,122927,23.62,4.99,99.2
498,686,317018522,506210431,3160544,0,6028,0,479845177,187387,24.59,4.98,98.8
499,1641,342152184,569210372,5854553,0,529198,0,458279600,122536,26.18,5.75,98.7
500,5950,384411095,596666264,3486799,253952,122134,496,481506039,192749,24.89,5.17,98.6
501,77,252745153,420055924,2755838,0,8029,0,361500616,140942,23.58,5.05,98.5
