,LLC-stores,instructions,bytes,blocks,LLC-loads,LLC-load-misses,ref-cycles,cycles,LLC-store-misses,pkg_pwr,ram_pwr,power
0,32593,167572486,0,0,963954,55331,231871465,180161796,11,23.01,5.46,117.3
1,73908,215053888,540672,1056,1357790,93130,292517829,198835819,4248,22.42,5.26,97.3
2,102711,275631975,0,0,1711431,44906,371283458,295161220,4964,22.52,5.26,96.9
3,83043,316063812,2293760,4480,1724740,110903,416967071,296108275,10452,22.75,5.53,96.5
4,99079,383183138,0,0,2168292,207891,489763850,329642997,13699,22.64,5.59,96.1
5,75863,268700229,1290240,2520,1384782,20755,360245606,262430877,12552,22.49,5.47,96.0
6,72553,428106909,741376,1448,2129949,298629,467499129,363269334,24438,22.88,5.66,123.3
7,131917,500298992,0,0,2184120,285600,598081894,444024935,26543,22.95,5.6,101.6
8,64825,312471576,143360,280,1955992,305482,438008211,271946555,19717,22.96,5.61,94.4
9,54668,139535316,0,0,1071521,20978,247718224,139295283,559,22.09,5.14,94.5
10,38839,114423159,245760,480,940641,128278,180007755,152691587,3816,32.82,6.42,94.5
11,104917,218837370,65536,128,1191112,178501,275992855,226363885,12179,23.96,5.4,115.3
12,62040,135713162,0,0,1097449,24673,237264468,145781919,265,22.18,5.17,115.4
13,25629,114664928,0,0,772386,5326,169168337,129968136,311,22.01,5.08,115.1
14,24332,151733645,0,0,1007978,4389,228997974,149481017,317,21.98,5.06,94.4
15,40017,201441152,888832,1736,1375760,75156,260994216,204637988,7007,22.25,5.25,94.5
16,167131,318727384,598016,1168,2089397,288954,456076999,350344134,17260,35.22,6.81,94.7
17,84532,209998854,0,0,1440490,74322,296836447,170666856,5535,26.11,5.46,95.0
18,47223,112016342,0,0,1152053,16760,257671036,90776224,703,22.08,5.2,131.5
19,95230,245026179,0,0,1492509,84533,331334593,265332298,6674,22.57,5.32,131.7
20,52531,162536494,0,0,1232436,13512,241509565,154742485,888,22.12,5.32,132.0
21,77014,333523386,1687552,3296,2250542,175863,413542375,318514848,2658,32.1,6.21,132.3
22,64725,238022480,0,0,1709427,179278,325860678,233110494,8660,32.24,6.39,132.5
23,88673,273027430,28672,56,1945863,75702,350400006,256284414,3494,31.58,5.89,132.6
24,98064,191935079,0,0,889703,22532,295482123,223492812,1175,22.2,5.31,132.8
25,91671,240978802,0,0,1339856,64786,311749026,250310630,7543,22.81,5.27,132.9
26,100366,383611560,1056768,2064,2391531,279195,453826239,340913656,16205,22.94,5.43,133.1
27,47940,153203434,0,0,932792,54363,214027073,185532566,2324,23.12,5.54,133.2
28,51594,179532601,19476480,38040,1013404,50445,217534013,187945028,3259,40.04,6.7,133.3
29,55879,120226262,0,0,915569,381595,207027246,141348111,9127,42.38,7.19,133.4
30,76304,222526770,0,0,1346054,402290,295058298,227431219,30352,42.39,7.12,133.4
31,75817,265965658,454656,888,1491268,437052,313428067,270135227,16419,42.45,7.12,133.5
32,68801,198916274,0,0,1186056,272577,234469353,231147837,6871,42.46,7.07,133.6
33,30389,116344029,0,0,674796,308568,174597202,153395346,3613,42.62,7.1,133.6
34,33469,145894156,0,0,871235,262998,191959274,182704699,5950,42.57,7.08,133.7
35,69131,186663481,0,0,1292698,454693,253951333,223511526,6046,42.58,7.1,133.7
36,77009,275747896,462848,904,1566006,404297,300233682,241790296,17618,42.39,7.13,133.7
37,40699,128747247,0,0,1056160,365028,197351419,151375634,6637,42.52,7.09,133.7
38,29996,124745122,0,0,686629,262374,151803592,140599384,4700,42.65,7.09,133.8
39,38958,134073305,0,0,794620,256977,178538273,120193581,9429,42.58,7.13,133.8
40,89943,234644001,0,0,1456488,513936,271507155,264894782,15800,42.6,7.1,133.8
41,57990,160970299,167936,328,984329,351273,197859809,176021903,16995,42.57,7.14,133.8
42,41890,115278638,0,0,911333,289152,193117204,131512430,5479,42.55,7.11,133.8
43,29703,121730653,0,0,849720,320392,172713078,135970687,3810,42.61,7.12,133.8
44,38707,153948256,0,0,1161164,329044,221304307,165730815,8985,42.58,7.13,133.8
45,41760,128444150,0,0,762839,296533,165294664,161523840,7628,42.42,7.1,133.8
46,92187,241986737,167936,328,1226889,378205,276007865,240595703,16088,42.46,7.13,133.9
47,58743,172917440,0,0,937895,344500,207129179,203785579,5218,42.41,7.11,133.9
48,52178,117169072,0,0,867554,216131,185200471,102519633,9438,42.55,7.1,134.0
49,73870,212065211,0,0,1162329,416910,228283598,192765773,17024,42.55,7.14,134.1
50,69787,199588450,0,0,1250573,412395,256571803,157308380,10144,42.51,7.11,134.1
51,60580,170719576,167936,328,971210,293041,234865035,162193367,12979,42.42,7.12,134.1
52,50652,164315512,0,0,921069,221762,210855860,188422026,8909,42.55,7.12,134.2
53,26482,107542788,0,0,648529,296065,153311945,142505782,5389,42.67,7.12,134.2
54,51706,129182447,0,0,877816,223862,184000503,161716307,8350,42.54,7.09,134.2
55,69993,216795574,0,0,1438539,494595,278680720,235922885,11995,42.56,7.11,134.2
56,52257,130492945,167936,328,1051072,275634,192435522,135493916,11845,42.43,7.13,134.2
57,50398,142492804,0,0,952190,328410,190126198,135601246,8658,42.62,7.11,134.2
58,39950,137129216,21639168,42264,875876,253034,189775779,169333452,7600,42.45,7.08,134.2
59,46494,151699533,0,0,966793,359992,201577622,160684347,5285,42.47,7.1,134.3
60,46491,213178382,0,0,1396768,489290,259922276,203050648,13762,42.54,7.1,134.3
61,46339,137333245,225280,440,1072520,360724,168471189,121459877,6641,42.47,7.11,134.3
62,62718,146057339,0,0,899760,303202,211470545,164609011,9207,42.54,7.08,134.3
63,44084,126935360,28672,56,702296,328253,178878567,145307272,4315,42.6,7.11,134.3
64,23561,154109622,0,0,1026411,312941,198166019,117498811,3207,42.57,7.13,134.4
65,48817,107025520,0,0,862037,279725,184988241,113076447,8553,42.59,7.14,134.4
66,84833,280529344,397312,776,1739958,433375,326954054,319377980,22527,42.61,7.15,134.5
67,40327,156146633,0,0,953732,299810,209610816,204492375,5778,42.59,7.13,134.5
68,40920,116825634,0,0,711958,215746,180161213,146662295,5204,42.71,7.11,134.6
69,59231,115014834,0,0,872200,205636,171060204,124447795,7798,42.62,7.11,134.6
70,32692,116698316,0,0,897853,238517,152919628,119473786,8446,42.56,7.13,134.6
71,65082,221834619,167936,328,1573836,453525,308229436,212062414,16304,42.61,7.11,134.6
72,57332,125455459,0,0,978464,277474,233398590,126903171,7254,42.6,7.11,134.7
73,46200,79703207,0,0,773436,259823,149159328,92414049,6387,42.61,7.1,134.7
74,33759,132312352,0,0,785290,339513,184156328,174921534,4993,42.62,7.13,134.7
75,54522,126308956,0,0,900440,235399,173608223,129111011,7235,42.48,7.1,134.7
76,92703,341964370,167936,328,1786375,544419,353333505,292834535,41912,42.48,7.16,134.7
77,46900,180447749,0,0,1091154,344042,241304452,198685820,9790,42.54,7.12,134.7
78,39233,110269455,0,0,853886,314688,173887030,120579228,4441,42.61,7.12,134.8
79,29803,113831350,0,0,718549,315534,151526170,146960797,5283,42.62,7.12,134.8
80,31141,178361376,0,0,870995,365903,189961677,160893556,6611,42.57,7.15,134.8
81,102768,263407378,167936,328,1532098,546754,330801472,263871504,17068,42.57,7.13,134.8
82,52267,154979183,0,0,913491,274146,211783989,170466601,7265,42.54,7.11,134.8
83,48431,138003816,0,0,765281,276920,171356470,156738374,6453,42.59,7.09,134.8
84,45402,137268603,282624,552,919881,320589,204200879,145741204,9196,42.59,7.13,134.8
85,53965,151307026,0,0,810072,281435,205124481,158354300,8446,42.47,7.11,134.8
86,97943,252597764,57344,112,1306764,462672,303982216,227233236,16372,42.56,7.11,134.8
87,67336,158120637,0,0,991672,336585,246176885,178342578,9021,42.59,7.09,134.8
88,57746,143190047,0,0,1049024,362848,221141603,183178936,10709,42.61,7.11,134.8
89,50848,138601793,22134784,43232,940840,271182,227233093,194700361,12509,42.56,7.11,134.8
90,39514,141295274,0,0,792013,269998,184514328,170250027,6304,42.63,7.13,134.8
91,95305,201684219,0,0,1210288,370821,270311434,219562914,25422,42.58,7.14,134.8
92,80431,236628263,0,0,1306720,308175,271317285,214772509,12018,42.65,7.13,134.8
93,33563,126735285,0,0,875129,301045,199327379,138126957,7671,42.73,7.1,134.8
94,42562,126484477,512000,1000,863702,263947,201721466,128451597,8402,42.61,7.11,134.8
95,53090,126254053,0,0,771518,293328,164456638,153414615,6198,42.55,7.13,134.8
96,25147,160427343,0,0,1279017,402800,251488021,145718531,12044,42.59,7.09,134.8
97,45516,119102917,0,0,934156,262592,176737914,158540801,6927,42.66,7.11,134.8
98,44967,112335628,0,0,904157,392876,191154604,144610285,6883,42.61,7.11,134.8
99,52176,135126626,167936,328,773246,214276,177146205,171679059,10322,42.67,7.1,134.8
100,40547,144752571,0,0,955244,338797,193045736,159218977,3037,42.45,7.12,134.8
101,119403,341753224,0,0,1710752,567301,355328768,294798792,24435,42.63,7.09,134.8
102,52710,145405970,0,0,1025678,261639,209590891,162732097,10062,42.56,7.11,134.9
103,48111,155994363,0,0,1062786,291892,210525958,194077134,10311,42.59,7.13,134.8
104,41004,144230818,225280,440,903885,251492,194424432,153912368,7079,42.61,7.11,134.8
105,23941,158971356,0,0,1042470,273328,202408306,175250235,8059,42.47,7.1,134.8
106,66526,233732045,0,0,1393926,306473,275752927,216062026,21771,42.53,7.09,134.8
107,59438,125644544,0,0,946742,277910,204277523,121849577,4754,42.58,7.11,134.8
108,41192,124259413,0,0,806923,267361,192412968,121501922,5940,42.55,7.1,134.9
109,61058,155418616,167936,328,1147021,348447,220166617,190832790,7742,42.51,7.12,134.8
110,36305,132275310,0,0,884568,293336,172377682,138004947,4539,42.52,7.13,134.9
111,76610,181941528,0,0,1164511,405603,256189766,215607184,20052,42.55,7.12,134.9
112,78607,149445896,0,0,731091,335525,207453538,167160515,5686,42.57,7.14,134.9
113,41740,122254614,0,0,784382,282174,183084662,113559646,4241,42.64,7.08,134.9
114,40051,166766507,225280,440,1247609,446486,251559640,189219196,8841,42.48,7.1,134.9
115,48362,119256491,0,0,718845,323056,169768795,141893785,6070,42.37,7.04,134.9
116,46092,246569870,0,0,1390325,315869,292988639,246561777,12329,43.08,6.94,134.9
117,40354,121633360,0,0,909740,246592,200269063,137741069,4119,43.07,6.96,134.9
118,32289,99788045,0,0,835567,237978,178459714,104474012,3297,43.15,6.93,134.9
119,45028,157958574,167936,328,1098581,287768,229325621,155745625,11211,43.09,6.92,134.9
120,50260,145687962,21286912,41576,916677,224626,188123918,117815311,9994,43.03,6.99,134.9
121,94795,296403515,0,0,1751483,549671,329340997,289042888,26353,43.04,7.0,134.9
122,49109,152243854,0,0,867773,277188,185054232,140387074,5204,43.15,6.95,134.9
123,45859,154212378,0,0,939214,262926,185678806,135719361,2887,43.07,6.94,134.9
124,40909,172983335,598016,1168,1172034,324635,254122384,208402001,4003,43.06,6.97,134.9
125,36488,109767506,0,0,789639,198118,160919343,132309894,3687,43.12,6.98,134.9
126,76010,154440005,0,0,1304130,367679,217587461,169912584,12861,43.19,6.95,134.9
127,58184,145666411,0,0,1068784,255681,198220974,143069780,7950,43.06,7.01,134.9
128,53989,140591500,0,0,854185,316539,205898207,146309200,4769,43.22,6.94,134.9
129,25937,135771766,167936,328,748005,248778,180318895,151590400,3412,43.14,6.93,134.9
130,48526,138992592,0,0,970093,242103,180529843,126360703,5515,42.97,7.0,134.9
131,79119,197648044,0,0,1219436,342175,246685613,173009095,15569,43.07,6.99,134.9
132,62172,164756868,0,0,1200217,330028,238758551,178227205,7866,43.11,6.98,134.9
133,29971,119728120,0,0,851582,224301,153700077,113014047,5125,43.17,6.96,135.0
134,29026,126782331,167936,328,738689,270370,157981048,138681590,3889,43.08,6.96,134.9
135,43273,116919654,0,0,872449,235567,177449078,123376042,6481,42.93,6.99,134.9
136,108625,301877289,0,0,1567658,495055,343796433,310569536,8689,43.12,6.96,135.0
137,38176,111243822,0,0,926174,250644,182547378,125043485,3865,43.16,6.94,134.9
138,37984,123519470,0,0,789584,237248,160405785,141508385,3635,43.18,6.92,134.9
139,25656,102931480,167936,328,818360,228504,166297235,120886700,3228,43.15,6.97,134.9
140,54781,252794617,0,0,1598592,437759,285554620,233902868,19075,42.99,7.01,134.9
141,43960,159972068,0,0,1105038,295355,203810762,148595787,17333,43.21,6.92,134.9
142,26974,121538720,0,0,932896,316982,155242240,117276099,4820,43.18,6.95,135.0
143,32162,133120831,0,0,810460,240705,178988660,129307419,7950,43.19,6.96,135.0
144,37842,131503257,0,0,766780,279973,196053664,159135044,6556,43.12,6.94,135.0
145,59694,138547264,167936,328,1237435,343890,262474611,141286012,10849,43.08,6.98,135.0
146,72460,161558945,0,0,988573,323625,220571668,171852162,10396,43.25,6.92,135.1
147,51455,113396640,0,0,756709,273829,180631467,134833905,6069,43.21,6.94,135.1
148,34067,114257356,0,0,692216,294337,160683762,144574207,3272,43.11,6.93,135.1
149,48432,131272354,0,0,953367,263777,212164042,145109559,8848,43.18,6.93,135.1
150,59776,185916644,20942848,40904,1163345,284821,242398427,210031749,9403,43.01,6.94,135.2
151,52035,204412252,0,0,1164012,391439,264646572,221140962,6905,43.23,6.95,135.2
152,48800,126075102,0,0,882207,260148,192854336,153977918,4938,43.19,6.96,135.2
153,27350,114029427,0,0,780239,300957,166332419,152307793,2219,43.21,6.96,135.2
154,38451,134345918,0,0,994798,311482,234397172,115458943,5395,43.1,6.96,135.2
155,73547,170038013,311296,608,843944,268834,234087670,222952873,11145,43.0,6.97,135.2
156,74244,231120732,28672,56,911524,416605,301115029,240781964,18434,43.1,6.96,135.2
157,42913,161904217,0,0,840292,346473,216384564,183688270,2771,43.11,6.99,135.3
158,33929,129211485,0,0,737094,216990,192006687,147747608,3813,43.18,6.95,135.3
159,33141,103625062,0,0,645755,312414,156630550,121994033,4545,43.11,6.97,135.3
160,97334,264557158,282624,552,1464068,494134,331258521,279860377,16570,42.89,7.02,135.3
161,48686,250104916,0,0,1433234,471334,281916793,216715628,5802,43.15,6.98,135.4
162,57877,128672168,0,0,1032710,230177,195107654,165415603,6183,43.08,6.97,135.4
163,35595,124627739,0,0,830998,249218,187937085,146458923,1422,43.13,6.98,135.4
164,45387,121716479,0,0,744803,206994,166179664,145961366,4759,43.06,6.96,135.4
165,91392,264541830,167936,328,1475837,413507,319520555,262697689,28568,43.05,6.96,135.4
166,42163,108913787,0,0,972336,223941,192707543,131064695,7768,42.88,6.99,135.4
167,39545,141419446,0,0,834792,274540,207209177,165638433,3755,43.02,7.04,135.4
168,35275,122890432,0,0,801665,206383,175597990,140358417,3296,43.05,7.03,135.4
169,33128,128671965,0,0,755727,199621,176868107,139077366,4942,42.96,7.03,135.4
170,106390,258259037,196608,384,1255669,445928,311453626,272357544,23563,42.88,7.08,135.4
171,79674,186932905,0,0,1070216,271100,227486723,174417460,9872,43.08,7.06,135.4
172,62909,137161492,0,0,944133,215655,190362767,134779201,13988,43.08,7.09,135.4
173,37518,119878962,0,0,729754,241040,161420144,102339704,4492,43.05,7.04,135.5
174,40613,130653877,0,0,1089219,280297,196863471,144782612,7645,43.1,7.09,135.5
175,48610,134750902,167936,328,999395,292706,168339797,165247015,4567,42.95,7.09,135.5
176,72320,227175227,0,0,1197531,333532,253322061,213530860,19552,43.02,7.06,135.5
177,38673,135481413,0,0,1044041,235696,208744548,159288760,11195,43.09,7.07,135.5
178,24806,124022877,0,0,813300,245968,159501212,104701202,2712,43.16,7.06,135.5
179,36447,149542860,0,0,1034685,328407,198160972,175384583,5302,43.16,7.04,135.5
180,30098,171666885,196608,384,829859,260575,199124376,192765546,5173,42.97,7.09,135.5
181,80002,351726944,20938752,40896,2065905,670983,381452449,324505174,25803,42.91,7.06,135.5
182,43216,161229123,0,0,986843,290977,212010820,190025002,4923,43.11,7.03,135.5
183,49803,152988955,0,0,1026740,285933,207326151,175441896,5758,43.14,7.06,135.4
184,34668,102588678,0,0,826103,246553,165702598,99815971,3981,43.13,7.04,135.4
185,45941,108012957,311296,608,838508,209944,185925183,82451072,6805,43.05,7.08,135.5
186,66991,192510928,28672,56,1308972,428114,241529171,217470647,13555,42.98,7.05,135.5
187,50225,151692183,0,0,1329284,283789,237682062,155425224,8570,43.13,7.07,135.4
188,52745,120107900,0,0,621678,213920,160584197,143400849,5454,43.12,7.03,135.5
189,48720,84199234,0,0,705082,170491,156889710,113205805,5706,43.03,7.02,135.5
190,36164,154992749,368640,720,955743,194996,216357958,131983168,5181,42.89,7.09,135.4
191,95875,276858517,0,0,1559649,471205,314745267,275838569,35114,43.01,7.07,135.2
192,39251,108997564,0,0,690543,280918,148816346,129352531,3647,43.07,7.04,135.0
193,53836,130582413,0,0,711603,214244,175173908,156306367,4110,43.06,7.05,134.9
194,30804,123609729,0,0,784669,246491,172284518,145065589,2805,43.03,7.06,134.8
195,56531,158255764,167936,328,1375601,410433,215689562,141005731,8566,42.99,7.08,134.7
196,66883,181766944,0,0,903386,281285,222205746,178630961,10248,43.11,7.05,134.6
197,39336,126238746,0,0,824243,265518,167930342,145938929,6123,43.05,7.07,134.6
198,53626,136694681,0,0,859944,305673,192321710,173210456,9523,43.05,7.05,134.5
199,34275,100834026,0,0,613113,132256,148742667,134192835,6988,43.16,7.08,134.4
200,68970,211064802,196608,384,1192840,358505,255238032,190425897,13259,43.14,6.49,134.4
201,110670,226507514,0,0,1220659,257312,278155653,209482896,1974,43.43,6.26,134.4
202,28558,151929625,0,0,1076277,111548,186321483,154626031,1308,43.57,6.17,134.4
203,20397,118300737,0,0,941887,101438,150188672,123633591,587,43.64,6.12,134.3
204,28953,102367410,0,0,764514,51421,142052394,123063790,509,43.5,6.12,134.3
205,17243,117753297,167936,328,989248,115861,155446387,93636323,1534,43.37,6.29,134.3
206,70496,242481763,0,0,1606956,258452,289535930,217941794,9208,43.55,6.24,134.3
207,35391,90097082,0,0,933230,100481,168508171,79841697,1025,43.62,6.16,134.3
208,34152,119764150,0,0,909554,86768,158933402,98958959,310,43.54,6.23,134.3
209,36025,138921282,0,0,949660,112123,180308078,155825773,1586,43.55,6.16,134.3
210,62387,219994494,225280,440,1002453,185075,232621328,199975977,2632,43.43,6.42,134.3
211,52356,191727063,0,0,1059770,213086,233233762,121543988,7030,43.57,6.29,134.3
212,40719,167073639,19648512,38376,1169672,108540,201519653,162234131,2141,43.46,6.31,134.3
213,46845,167341943,0,0,991874,118794,202866957,167937048,973,43.59,6.17,134.2
214,40204,115070984,0,0,684821,66396,159609141,112076500,1147,43.55,6.23,134.2
215,31703,132762364,253952,496,780027,120683,167689625,131320410,1937,43.35,6.31,134.2
216,80192,180760419,0,0,1298758,238078,240642851,145634761,4074,43.56,6.31,134.2
217,88927,309568245,282624,552,1769614,276208,364982650,285322981,13326,43.2,6.44,134.2
218,42025,170404846,0,0,986644,155514,217071257,183896672,1965,43.6,6.2,134.1
219,53528,210478914,0,0,1237263,279407,206134522,145665307,9063,43.5,6.28,134.1
220,35705,123042419,86016,168,612466,135811,164774234,120334671,1965,43.45,6.35,134.1
221,69926,237763556,0,0,1170595,224706,255449381,233318316,17311,43.57,6.29,134.2
222,65558,218403504,6991872,13656,1785669,124045,315786697,235749952,7487,43.3,6.33,134.3
223,47360,130696478,0,0,749532,110013,171267889,144960455,606,43.59,6.12,134.4
224,42911,143064185,0,0,872322,99822,194155821,138080902,4617,43.47,6.14,134.5
225,39005,113158634,0,0,777924,89387,152842952,101350407,638,43.37,6.3,134.6
226,72102,199226367,0,0,1536305,235787,258840124,210479317,15120,43.63,6.21,134.8
227,50661,156591644,970752,1896,978718,98229,218885044,165768624,3119,43.58,6.23,134.9
228,37374,133004396,0,0,810303,97498,158096589,156232983,757,43.54,6.18,134.9
229,17687,105333850,0,0,749245,81519,142313370,100310868,525,43.56,6.19,135.0
230,41803,138074885,0,0,1131173,124256,192827641,140495966,2508,43.46,6.25,135.1
231,92150,175058713,0,0,1090165,159730,223538302,207723644,7831,43.49,6.25,135.1
232,55192,133605564,339968,664,737047,138323,193625734,150406680,6249,43.0,7.0,135.2
233,54575,146497923,0,0,915265,198950,190296608,172682471,7131,43.36,7.02,135.2
234,42627,179123425,0,0,975953,273718,216148222,190712890,5982,43.36,7.02,135.2
235,41520,130795166,0,0,818903,216942,187034871,151169004,4075,43.26,7.03,135.2
236,95625,215550868,0,0,1205897,308595,263347964,213783698,7645,43.38,7.03,135.3
237,38518,118675307,167936,328,830933,178743,147436002,135208244,5712,43.31,7.03,135.3
238,40513,145030593,57344,112,950734,182742,195580898,144801133,3461,43.34,7.03,135.3
239,80986,273678026,0,0,1660983,412048,293233797,254130200,16684,43.36,7.01,135.3
240,31161,138052038,0,0,898354,222057,178052619,159689929,4993,43.3,7.03,135.4
241,70139,203903151,0,0,1050875,343178,243181693,212141620,10836,43.36,7.02,135.4
242,56523,135889377,0,0,684408,221443,190308806,180827314,5187,43.38,7.02,135.4
243,50478,198163813,21114880,41240,1161655,210454,263090967,193136419,12727,43.41,6.98,135.4
244,48306,143496431,0,0,714712,164005,176565064,173438409,3782,43.41,7.01,135.4
245,46164,115254214,0,0,724942,173395,183799085,124378383,4476,43.19,7.02,135.4
246,72920,187307408,0,0,1143117,372643,257390651,178953624,9433,43.38,7.03,135.4
247,56353,116060643,0,0,897724,166984,179393518,145471224,4784,43.48,7.03,135.4
248,65446,210082871,397312,776,1095244,269091,275820841,238974574,9206,43.38,7.0,135.4
249,32105,113853941,0,0,718511,185830,155238089,134525158,3730,43.44,6.99,135.4
250,46187,97272720,0,0,605042,210941,162549230,101754874,4101,43.35,7.03,135.4
251,70511,237252077,0,0,1617477,391740,285630994,225391463,9428,43.45,7.01,135.4
252,34535,126194766,0,0,959895,186778,173947160,143925159,4642,43.36,6.98,135.4
253,37766,131835112,225280,440,828338,204563,194695847,132631096,2819,43.37,7.0,135.4
254,63862,226680356,0,0,1224369,388323,230321218,202322269,16174,43.41,7.08,135.4
255,50358,133855758,0,0,1123686,341787,247615971,150660968,8920,43.29,7.04,135.4
256,61589,146896731,0,0,902130,242424,208465844,173420708,9955,43.48,7.02,135.4
257,57054,134901326,0,0,750750,188671,183967646,130364570,7860,43.27,7.01,135.4
258,47739,165730408,253952,496,765509,277735,200605670,178671631,9512,43.37,7.03,135.4
259,36564,164207286,0,0,848360,241116,192766195,180691251,4044,43.38,7.04,135.4
260,86532,198262251,0,0,1059263,276134,241553394,246592132,11766,43.17,7.03,135.4
261,52034,222517083,0,0,1617967,434235,299390961,235991616,11386,43.33,7.0,135.4
262,37802,149639614,0,0,980602,250238,188934504,151634864,3648,43.29,7.03,135.4
263,40045,178010392,167936,328,930136,204338,209243084,174333795,3479,43.42,7.03,135.4
264,25198,115577083,0,0,865318,217814,157987135,125646156,3838,43.39,7.02,135.4
265,45600,184267037,0,0,1264506,298428,248110234,164013061,2898,43.31,7.01,135.4
266,64050,178766115,0,0,1197688,252784,226191579,180968895,17292,43.27,7.02,135.4
267,49367,115841380,0,0,791615,173883,150570916,140114989,5290,43.33,7.04,135.5
268,36325,173820013,282624,552,975858,228902,238982196,170821723,3354,43.34,7.06,135.5
269,54405,158593654,0,0,1133084,275392,224557275,173125068,6387,43.42,7.02,135.5
270,30289,113920692,0,0,723795,205750,145001742,138056639,3068,43.2,7.05,135.5
271,86839,280186151,0,0,1507992,535729,279562147,246931827,19426,43.37,7.02,135.4
272,48554,116821079,0,0,800674,205522,201769133,143403723,5476,43.3,7.01,135.5
273,93249,166897156,20434944,39912,1038976,217624,258890144,201486432,12462,43.42,7.02,135.4
274,24178,95366637,0,0,744267,227403,146722061,99025903,2932,43.42,7.02,135.4
275,18229,153461758,0,0,812553,218747,170191419,139334171,2347,43.24,7.03,135.4
276,84212,209756662,0,0,1268532,333588,260906766,175076505,24919,43.42,7.04,135.4
277,35291,170716369,0,0,1286311,327365,239615457,189039582,2990,43.3,7.04,135.4
278,50878,175673877,454656,888,930354,193421,220228651,191113930,11004,43.23,7.04,135.4
279,42366,184789063,0,0,965443,240939,207555309,145068957,19115,43.3,7.01,135.4
280,46716,277285920,0,0,1313965,402514,246088171,203721238,14546,43.12,7.1,135.4
281,84801,235526333,0,0,1604221,323381,288957372,246190454,21586,43.37,7.04,135.1
282,36760,121713941,0,0,928530,202750,172746067,122556529,3557,43.33,6.98,135.1
283,38231,146003136,167936,328,882270,278823,197142299,128805456,5122,43.35,6.99,135.3
284,26332,113118795,0,0,774945,223973,160977229,122842113,1624,43.39,7.01,135.4
285,30987,183536896,0,0,1407465,377939,236195870,146566200,16374,43.25,7.05,135.5
286,23904,173056035,0,0,1074945,282128,194699255,173507836,9387,43.4,7.03,135.6
287,44514,80471475,0,0,857604,121175,144521003,88914301,10462,43.36,7.04,135.7
288,52043,161744260,225280,440,978634,180140,205558203,140979750,8154,43.37,7.03,135.8
289,53248,175358028,0,0,1034990,235210,205777610,165670627,7121,43.36,7.02,135.9
290,36624,118674562,0,0,779403,205790,151845651,111623073,3761,43.15,7.07,135.9
291,43999,240479364,0,0,1490500,400402,258685537,228418483,18233,40.52,6.75,136.0
292,45919,156701990,0,0,1109910,321156,234162227,212417481,9512,42.54,7.42,136.0
293,47878,213614582,167936,328,1319042,539511,248888952,175585291,17882,43.43,7.28,136.0
294,42441,145354984,0,0,838290,289831,174766621,109634743,10333,43.56,7.24,136.1
295,38764,119376612,0,0,724887,293671,170016222,137568888,8009,43.48,7.23,136.1
296,56134,209126244,0,0,1595918,464095,273512156,211389493,16481,43.52,7.22,136.1
297,32623,152875222,0,0,995101,368887,208125068,144399741,2503,43.39,7.18,136.2
298,56163,158850188,196608,384,1091330,422243,228124203,174828695,8230,43.57,7.23,136.2
299,40877,110366766,0,0,727385,337493,155900323,153790669,6457,43.62,7.24,136.2
300,43878,194203587,0,0,1391206,506740,272062734,244017827,15728,43.38,7.28,136.2
301,63125,182626034,0,0,987639,394013,235112556,205779598,13985,43.54,7.28,136.2
302,36420,122191956,0,0,697518,354917,175766851,167928799,4073,43.58,7.21,136.2
303,50369,138650096,368640,720,951594,266692,212323115,109585518,13735,43.59,7.27,136.2
304,38666,196487358,18907136,36928,958583,387830,218762354,182651046,8569,43.52,7.22,136.2
305,44549,132895516,0,0,1130448,422411,228588509,169587430,12787,43.48,7.22,136.2
306,96499,219706996,1404928,2744,836686,478730,272856788,249551339,13025,43.41,7.25,136.2
307,59489,168806818,0,0,774254,246351,223685393,186036724,9421,43.39,7.24,136.2
308,101453,314434929,598016,1168,1438871,509965,316303618,288131046,21365,43.52,7.22,136.2
309,76536,236410628,28672,56,965886,484239,278144601,201101355,13077,43.56,7.19,136.3
310,47579,127220796,0,0,797242,328244,186512483,152893620,10021,43.44,7.24,136.3
311,105576,258102638,0,0,1214922,432094,301104672,273572659,19875,43.56,7.22,136.3
312,68856,151432965,0,0,698788,304108,206114273,160247911,6289,43.56,7.23,136.3
313,20919,128728210,167936,328,897960,353615,227543861,162098402,8025,43.66,7.24,136.3
314,57795,149809918,0,0,1053182,375913,247110077,204818642,10889,43.57,7.23,136.3
315,36185,135965467,0,0,870684,291741,188590217,168420415,7462,43.36,7.24,136.3
316,42023,127816157,0,0,1254776,444531,232650855,149560246,6717,43.62,7.16,136.4
317,33345,127732781,0,0,956092,371630,161276943,154495063,3924,43.53,7.24,136.4
318,50381,181890975,225280,440,1011916,316610,232707126,206749818,11159,43.59,7.18,136.4
319,35751,147413110,0,0,996798,452496,203052404,159517794,5917,43.53,7.24,136.4
320,27571,105104846,0,0,815831,275029,155339378,96082470,7504,43.41,7.26,136.3
321,88977,229539391,0,0,1385981,408579,272387500,219309107,22368,43.59,7.21,136.4
322,90876,219788267,0,0,1157900,433018,248778177,170091857,12056,43.43,7.21,136.3
323,89279,273628914,169472,331,1431530,278114,291238136,247474124,11239,42.84,7.17,136.3
324,210522,710231333,1536,3,2808304,351884,513550281,475123066,23920,43.51,7.18,136.4
325,47109,134058510,0,0,819619,311943,198919852,155508417,8450,43.37,7.2,136.3
326,49689,219045538,0,0,1591279,599813,314774693,229641841,6789,43.5,7.24,136.4
327,28397,118398653,0,0,1026269,339297,183509536,94717306,6084,43.28,7.22,136.4
328,56176,173325880,196608,384,1023795,354057,229506329,190054976,8278,43.49,7.25,136.3
329,34486,133316444,0,0,746839,362979,168210568,159549694,5189,43.39,7.21,136.3
330,69563,234950259,0,0,1346309,522051,260017205,169941127,7648,43.29,7.21,136.3
331,103280,252926587,0,0,1537474,537118,304913772,287846140,22676,43.42,7.27,136.3
332,40209,139037917,0,0,872115,341524,194267812,157515891,8104,43.32,7.25,136.3
333,39604,145757017,167936,328,845428,308248,215555099,153100317,6283,43.45,7.19,136.3
334,35600,153206341,0,0,873756,329102,197282468,132610551,4939,43.59,7.25,136.3
335,58624,136372579,20434944,39912,818519,399105,214286008,180544219,9481,43.34,7.24,136.3
336,91290,218890270,0,0,1583116,574829,294231148,216292806,20326,43.42,7.16,136.3
337,47544,109817205,0,0,950362,312513,167073347,130965604,6379,43.4,7.24,136.3
338,47945,158613809,368640,720,856990,388263,189737721,182754615,13784,43.53,7.2,136.4
339,37777,141736513,0,0,802657,385889,170277318,150963587,14054,43.57,7.24,136.3
340,58277,256331173,57344,112,1082149,483039,272883455,247370005,10387,43.21,7.21,136.3
341,64189,211116500,0,0,1206763,420303,250702304,213441102,8923,43.49,7.21,136.4
342,27393,140850677,0,0,1023095,358387,195665857,146213740,7373,43.44,7.21,136.3
343,81204,261642252,225280,440,1463341,510000,284145865,211088432,21070,43.48,7.22,136.3
344,40153,125182308,0,0,836205,342291,169615557,144443756,6611,43.63,7.23,136.3
345,57382,142713920,0,0,999045,410456,189334331,164382497,14046,43.43,7.18,136.3
346,71446,207851055,0,0,1168395,409570,240993702,231187913,16777,43.5,7.24,136.3
347,61494,120959263,0,0,822732,332029,174019369,169887247,7691,43.55,7.26,136.3
348,63961,147163283,282624,552,1096496,413713,221896776,150769026,18217,43.54,7.2,136.3
349,47507,160231929,0,0,780180,302555,184344562,154959392,7797,43.56,7.25,136.4
350,39072,104149850,0,0,828168,323883,161574731,104189871,7254,43.45,7.23,136.3
351,89529,221162541,0,0,1259913,412238,262619706,244687477,15500,43.53,7.24,136.4
352,52634,133175808,0,0,1054608,284482,190572080,132171529,7684,43.57,7.23,136.3
353,69787,191591339,167936,328,859366,336889,245952775,215088707,15385,43.54,7.23,136.4
354,37774,144429892,0,0,805408,339678,182663586,134089686,12776,43.66,7.23,136.3
355,50838,123247887,0,0,795295,345080,163816804,146380934,9239,43.48,7.2,136.3
356,62851,228790889,0,0,1456391,468121,264414478,189296910,16275,43.64,7.27,136.4
357,32875,151571841,0,0,1090670,429110,218086814,165439800,4224,43.48,7.24,136.3
358,74128,139023959,196608,384,911982,359422,210846658,179101457,13853,43.54,7.21,136.3
359,61903,241357094,0,0,1256828,502273,239957298,199543092,25615,43.7,7.23,136.3
360,34492,101913329,0,0,741654,270847,160031619,122641067,8140,43.51,7.17,136.3
361,62049,209595819,0,0,1394810,426702,279826714,178351998,17332,43.64,7.24,136.3
362,44660,103028157,0,0,831074,272719,161066414,115846486,12024,43.65,7.25,136.3
363,63388,142967261,167936,328,899196,284643,193981684,160935238,14443,43.64,7.27,136.3
364,61488,158928500,0,0,964880,477869,220158009,193644367,9233,43.55,7.21,136.3
365,30315,120941865,0,0,792480,398547,179282123,133063732,6073,43.34,7.26,136.3
366,62757,235016223,18964480,37040,1217102,436863,290328679,240629376,13969,43.61,7.28,136.3
367,62234,129383514,0,0,762926,249654,216336243,140608562,10940,43.54,7.23,136.3
368,64269,292362209,368640,720,1421575,543213,323780585,242485200,30432,43.47,7.17,136.3
369,46603,124464729,0,0,921713,370616,187856633,117079051,11476,43.66,7.2,136.3
370,54548,158181509,0,0,759218,290754,205269598,175716375,8664,43.37,7.23,136.3
371,63911,252529419,28672,56,1522908,512557,297346879,240074988,15238,43.6,7.2,136.3
372,69844,122638964,0,0,912815,332241,186573274,171489389,10842,43.54,7.24,136.2
373,51941,198201867,167936,328,985623,455906,257496661,218799381,8977,43.54,7.23,136.2
374,27639,134947588,0,0,782656,376787,155250780,110094115,3846,43.66,7.26,136.3
375,44222,127820504,0,0,805894,213900,181475620,97944990,11032,43.47,7.22,136.2
376,50124,163835938,0,0,1426540,392717,206585266,188337303,17096,43.63,7.26,136.3
377,54645,148925002,0,0,1151892,323720,206182145,147711804,12703,43.49,7.29,136.2
378,22546,180424064,196608,384,1010622,311794,230022596,168537459,8083,43.56,7.26,136.3
379,31607,122972938,0,0,833807,327934,163402485,146692455,4965,43.62,7.17,136.2
380,47621,125293767,0,0,949695,328291,184767916,142293804,11156,43.46,7.25,136.2
381,92182,248543080,0,0,1503680,469889,308790737,228566256,26049,43.45,7.26,136.3
382,32291,144965592,0,0,1008418,392818,213940463,169772277,8904,43.24,7.26,136.3
383,52981,248903566,167936,328,1301028,552833,275774684,236816846,24012,43.57,7.19,136.2
384,25697,158180566,0,0,958807,315107,185895583,170401472,7474,43.59,7.23,136.2
385,48859,109400656,0,0,683603,242707,164988025,144055497,9622,43.46,7.22,136.3
386,81763,235711225,0,0,1295436,491967,298854857,254285031,22244,43.54,7.22,136.2
387,37278,131461181,0,0,906921,281949,194929406,153281559,7862,43.47,7.23,136.3
388,63940,195324218,196608,384,972332,297935,268262171,154171068,14563,43.52,7.24,136.2
389,41064,140477190,0,0,796430,311825,185283973,167714873,7964,43.5,7.18,136.2
390,87236,190428848,0,0,772103,451032,258324088,229986578,21166,43.29,7.24,136.2
391,49857,202473137,0,0,1195987,483099,245745922,218214349,19271,43.54,7.23,136.3
392,31410,127128053,0,0,962206,313017,175823028,144890664,5764,43.54,7.2,136.3
393,42668,180916073,167936,328,927568,410059,231650891,189623231,4269,43.6,7.24,136.2
394,35017,134782636,0,0,973290,320378,188615763,143677074,12798,43.49,7.27,136.3
395,47646,118753377,0,0,836881,297246,166070440,117340052,6431,43.39,7.27,136.2
396,68265,237020680,20344832,39736,1600016,605797,307024269,244194499,21116,43.49,7.19,136.3
397,30105,123849673,0,0,911073,332908,198825620,123265603,3672,43.56,7.24,136.3
398,60730,274473163,368640,720,1534606,422907,302511679,206819975,20185,43.5,7.21,136.2
399,38086,109487750,0,0,824965,332024,153250431,96050030,8208,43.56,7.23,136.2
400,57903,147476476,0,0,1135083,385544,240926957,175662905,8201,43.5,7.22,136.2
401,68152,206983039,28672,56,1235195,333623,286092264,235001502,19468,43.49,7.24,136.2
402,33515,117497078,0,0,984250,322849,188774728,131834826,6964,43.51,7.22,136.2
403,42824,150865155,167936,328,1109569,413756,229703642,161418420,7124,43.71,7.21,136.2
404,40456,139199018,0,0,961867,451826,201560421,161180283,11384,43.6,7.25,136.3
405,52360,117280861,0,0,613718,292079,170096055,159199542,9118,43.43,7.23,136.2
406,96934,216994792,0,0,1233729,360395,263002864,184067833,16256,43.64,7.24,136.3
407,45090,134751615,0,0,902935,371277,178161538,130773779,7136,43.49,7.19,136.2
408,81915,216054588,196608,384,1102501,323241,278290021,239707639,11100,43.45,7.17,136.3
409,45073,194064890,0,0,1230103,375078,233996355,200280605,8468,43.5,7.2,136.2
410,66758,227914564,0,0,1257024,427885,241220863,195510982,20760,43.27,7.22,136.3
411,73057,196790468,0,0,1268225,387375,269442127,168259692,15441,43.58,7.19,136.3
412,43433,159924102,0,0,1068525,327847,203187848,157232296,8530,43.54,7.22,136.3
413,37660,142507907,167936,328,891012,330636,213366660,163670758,11172,43.54,7.26,136.2
414,31850,163656061,0,0,984163,372593,209368798,166004450,8638,43.58,7.24,136.3
415,53837,131586518,0,0,687035,247760,175409807,135829589,7698,43.42,7.21,136.2
416,109642,202888148,0,0,1213126,418770,253179337,202995456,16153,43.55,7.26,136.3
417,35720,117409553,0,0,940461,327900,156321364,138764666,9102,43.38,7.16,136.3
418,53906,208460795,196608,384,1158546,332780,256633351,217256247,14700,43.57,7.18,136.3
419,38046,114532269,0,0,837333,286959,165160913,134915484,10431,43.68,7.22,136.3
420,45013,122622005,0,0,730440,304949,177664523,118915439,9335,43.38,7.22,136.2
421,59764,228692406,0,0,1335438,420135,262326826,230527310,22265,43.52,7.26,136.2
422,39332,161772170,0,0,1136526,445861,233184434,195804710,9049,43.48,7.26,136.3
423,51044,137611063,167936,328,853680,274449,213139150,137259773,8399,43.55,7.24,136.3
424,41897,108816058,0,0,769423,313954,161635392,142029724,11344,43.67,7.21,136.3
425,90106,240632286,0,0,1143411,497173,249607983,218553669,17926,43.31,7.25,136.2
426,99870,221839352,0,0,1335322,537126,283491467,243870665,16529,43.56,7.22,136.3
427,68886,183477723,19988480,39040,861044,323976,252471814,198818158,13137,43.4,7.25,136.2
428,35893,178446013,368640,720,924960,288130,253389756,192852026,9825,43.56,7.2,136.2
429,32238,126005827,0,0,708292,369773,157788820,156021957,10065,43.6,7.21,136.2
430,52942,166853563,0,0,772971,373841,206138018,166456608,6241,43.35,7.21,136.2
431,72083,237223802,0,0,1468238,527017,325053912,228619360,7097,43.59,7.27,136.3
432,48954,168902259,28672,56,1127939,299277,225086412,161853584,10348,43.5,7.18,136.3
433,33236,145864555,167936,328,785310,307546,188933566,122590067,18891,43.58,7.18,136.2
434,50222,121083104,0,0,758792,332537,183404275,141405286,9261,43.48,7.25,136.2
435,84229,270944725,0,0,1603186,607066,287811825,231185092,27204,43.5,7.27,136.3
436,77550,199158205,0,0,998015,389820,252184009,218702677,11411,43.56,7.2,136.2
437,47519,111122974,0,0,739851,272723,194331757,153201048,8635,43.5,7.19,136.2
438,41778,226520210,225280,440,1053647,380897,264641021,217856569,16984,43.55,7.27,136.3
439,47083,177038963,0,0,929459,451803,234015026,150849285,10925,43.65,7.23,136.2
440,41676,122469259,0,0,797082,325045,168436650,149868528,14410,43.58,7.22,136.3
441,62188,194041817,0,0,1231982,368423,247883242,206644132,19032,43.62,7.22,136.2
442,29931,123498760,0,0,854101,312743,191859642,161669872,9361,43.46,7.25,136.2
443,73508,151496144,167936,328,900905,324239,266642243,214393512,23669,43.59,7.19,136.3
444,37916,161173045,0,0,817531,329479,193863852,137588770,5728,43.65,7.26,136.2
445,47809,111500271,0,0,774436,305153,174570898,141687829,11619,43.48,7.2,136.2
446,37816,191158782,0,0,1349712,450927,246481749,183563168,13755,43.55,7.25,136.3
447,45513,143610144,0,0,899012,429891,197964227,146413911,8762,43.49,7.27,136.3
448,77286,144350927,196608,384,804061,442776,239952939,176288327,14818,43.54,7.23,136.2
449,47780,174773663,0,0,683035,339131,213057948,145916073,8258,43.62,7.24,136.3
450,52967,103690749,0,0,779124,275320,180117537,123664820,9631,43.48,7.21,136.2
451,56449,180282259,0,0,1255462,406432,232297839,178745516,12191,43.49,7.21,136.3
452,59524,160779006,0,0,987546,399159,208702899,160243671,9602,43.46,7.2,136.2
453,58180,179011413,167936,328,1068893,382975,259151617,218186670,13187,43.63,7.22,136.3
454,32090,156056596,0,0,768346,401508,178061356,169744830,6904,43.51,7.2,136.2
455,60288,256640476,0,0,1326549,554949,264446689,203832560,16196,43.39,7.27,136.2
456,62431,201464516,0,0,1268933,415894,246174382,185454457,26086,43.47,7.25,136.3
457,54432,154604265,0,0,1135269,353054,230569088,181609287,13088,43.45,7.26,136.2
458,60449,184372906,21483520,41960,979975,283615,241509957,193422832,15959,43.59,7.19,136.2
459,55266,135047742,0,0,854438,355186,203411429,172159703,6663,43.57,7.22,136.2
460,35529,125992087,0,0,916702,316076,189144664,125677244,5313,43.38,7.24,136.2
461,72754,215766743,0,0,1327514,443303,258333064,235324328,13527,43.49,7.24,136.2
462,42197,170257387,0,0,1113411,357693,213316251,160571461,14441,43.55,7.18,136.2
463,75667,141200899,253952,496,1138794,437540,245036014,168274072,8378,43.56,7.26,136.3
464,49134,125524061,0,0,865356,272788,182059607,126044261,8303,43.67,7.22,136.3
465,23421,118666089,0,0,826329,307327,159890701,146791438,6946,43.39,7.24,136.2
466,61012,218547851,0,0,1330651,537737,265947960,234889908,14917,43.53,7.25,136.3
467,59618,156603157,0,0,1016674,437470,214803445,165107884,7088,43.39,7.26,136.3
468,100125,360475640,339968,664,1517931,463403,383980811,271142105,29137,43.52,7.27,136.2
469,49953,118970925,0,0,556326,389229,162732064,158329488,7979,43.62,7.22,136.2
470,59030,137005302,0,0,755071,288549,198446712,184947301,12895,43.37,7.25,136.2
471,54010,185982148,0,0,1402464,428382,256501753,184133703,19649,43.65,7.22,136.3
472,55764,115576881,0,0,1125856,379912,235865781,144146276,11265,43.56,7.23,136.3
473,47314,136846666,311296,608,820159,397125,220709546,165884025,8244,43.66,7.24,136.2
474,46025,137565312,0,0,642623,252905,170137699,136416477,11256,43.6,7.22,136.3
475,51868,124715800,0,0,790369,334303,179644971,162634863,5667,43.44,7.21,136.2
476,89732,230562227,0,0,1369305,544297,314466291,233144355,16756,43.56,7.21,136.3
477,48514,130725484,0,0,849361,313978,182710001,160750735,7372,43.6,7.22,136.2
478,56388,165037901,339968,664,917948,371818,217611200,195025843,10928,43.52,7.23,136.3
479,80131,339145260,0,0,1438621,620381,311994853,293688949,15066,43.43,7.27,136.3
480,56878,125106503,0,0,724154,328516,184045690,165032360,7455,43.44,7.21,136.3
481,84347,221936365,0,0,1256423,471434,317222121,219525163,30369,43.62,7.2,136.3
482,58760,135303345,0,0,914766,354492,194459515,136652567,6297,43.46,7.26,136.2
483,49988,281146534,167936,328,1138332,563643,278972645,264079507,16336,43.6,7.27,136.3
484,43164,146224853,0,0,748600,259946,168103322,111580181,9800,43.58,7.21,136.2
485,53319,175604926,0,0,1274739,418503,240939360,169165141,16927,43.47,7.21,136.2
486,41993,202428356,0,0,1187237,347092,256253774,182137262,14304,43.62,7.26,136.3
487,37002,127328299,0,0,919935,356952,188399974,150641873,6507,43.5,7.19,136.2
488,15077,183634176,20787200,40600,973052,350206,225284957,162717040,2800,43.53,7.23,136.2
489,67096,193616488,0,0,1117311,483468,248274909,222848906,14172,43.62,7.22,136.2
490,45598,183087309,0,0,812350,323381,196518712,188340859,5793,43.43,7.26,136.3
491,87981,226648265,0,0,1230206,389799,271353965,222646835,19892,43.55,7.2,136.2
492,15109,126142273,0,0,981762,306803,171343393,126190468,6852,43.39,7.26,136.3
493,51708,210658887,626688,1224,990537,361560,252157365,155091866,15852,43.46,7.24,136.3
494,54562,158946362,0,0,1021568,482489,216990552,197317031,11540,43.56,7.25,136.3
495,35470,106043336,0,0,761516,296874,158002324,138188961,7520,43.47,7.25,136.2
496,47730,187406892,0,0,1260501,368950,234929848,172668185,23099,43.43,7.21,136.2
497,92311,255437619,0,0,1475292,509846,274741432,227161293,22736,43.44,7.29,136.2
498,51925,199825480,167936,328,1090695,434272,270746815,227244224,9949,43.46,7.21,136.3
499,50683,108822600,28672,56,959521,325042,205331317,112784993,7646,43.61,7.26,136.3
500,45711,136129552,0,0,776950,336249,171681803,141284526,9353,43.43,7.23,136.2
501,63335,212580406,0,0,1396001,374185,247382284,201679891,21102,43.59,7.24,136.2
502,38777,160465098,0,0,950961,368326,209218250,178690057,5189,43.59,7.25,136.3
503,39449,130412128,167936,328,1070079,425579,246030351,150040208,9588,43.6,7.21,136.2
504,20661,103590219,0,0,873145,307788,157463576,102045034,6021,43.56,7.29,136.2
505,39237,115619857,0,0,764431,326841,153008913,108192754,9922,43.44,7.24,136.3
506,60432,192615596,0,0,1329068,352706,222161127,174106112,22031,43.53,7.21,136.2
507,57580,180389869,0,0,1123421,368933,224680356,200577483,16374,43.66,7.22,136.3
508,39646,144968767,196608,384,934247,285504,218017817,172905340,11175,43.43,7.23,136.3
509,41913,92262812,0,0,825542,411500,156068136,115118233,6818,43.48,7.22,136.3
510,46178,118756748,0,0,794154,286449,176618423,159008846,9255,43.41,7.19,136.3
511,66649,210590447,0,0,1471723,444725,255701037,229048933,22143,43.53,7.27,136.3
512,89971,238417018,0,0,1439508,585919,293293795,269932078,16693,43.43,7.25,136.3
513,43537,163557042,167936,328,772630,349927,209665625,187329523,9915,43.46,7.15,136.3
514,36537,127216859,0,0,886720,298988,168606961,145565689,7016,43.55,7.25,136.3
515,50736,93825328,0,0,764937,308007,182416108,122508579,8577,43.36,7.21,136.3
516,113304,325128676,0,0,2358453,548181,409323553,311536917,27244,43.18,7.21,136.3
517,65315,290406343,6844416,13368,1680885,454114,351851791,275447740,12127,43.23,7.21,136.3
518,42782,214370770,716800,1400,1153105,359181,283355157,248649123,18909,43.46,7.23,136.2
519,46416,259696200,21098496,41208,1484985,539351,286057185,248422306,19101,43.41,7.27,136.3
520,32983,114677680,0,0,841895,293105,164417993,154988309,9346,43.35,7.23,136.3
521,94609,281780618,86016,168,1410457,481079,286859564,262768255,22434,43.39,7.22,136.2
522,70330,157113505,0,0,952305,285924,243256934,186480053,16817,43.43,7.21,136.2
523,63505,198967079,454656,888,1079346,392196,266368170,224650515,19705,43.55,7.22,136.2
524,41596,141202346,0,0,949455,314252,187159477,133702915,11704,43.55,7.19,136.2
525,35268,134948199,0,0,823494,293725,175950418,140846873,7866,43.4,7.24,136.2
526,70794,229949773,0,0,1396142,388268,270589949,239356853,20957,43.56,7.25,136.2
527,35402,150480873,0,0,916519,326147,198528032,151159218,4500,43.46,7.22,136.2
528,80246,234938787,454656,888,1106010,476311,321972602,246206891,17947,43.5,7.22,136.2
529,73583,289767809,28672,56,1372373,425599,294776573,217719482,26725,43.51,7.2,136.3
530,51516,116783863,0,0,710883,266104,167270146,129456984,8665,43.43,7.17,136.2
531,69459,231794892,0,0,1281690,462362,275891007,160227946,24867,43.5,7.25,136.3
532,41104,122156659,0,0,964905,359076,188054138,152193261,11427,43.46,7.22,136.3
533,57578,171773928,167936,328,904407,319697,235620313,152880478,8010,43.61,7.26,136.3
534,66902,208718758,0,0,1124103,366823,248381883,217727541,10262,43.5,7.25,136.3
535,45052,172395663,0,0,1020579,391363,216071830,201900353,3149,43.42,7.24,136.2
536,79922,202181226,0,0,1026022,385002,253216886,220896277,16042,43.51,7.18,136.3
537,49838,97620411,0,0,773325,327559,177839722,113050029,7216,43.47,7.21,136.3
538,56875,205817914,196608,384,1009278,311699,254639371,235782160,31119,43.63,7.22,136.2
539,62595,171232095,0,0,995705,357873,238694767,143950580,9658,43.6,7.21,136.2
540,55645,152343699,0,0,858910,361400,176433675,154710890,5567,43.24,7.24,136.2
541,73898,299332230,0,0,1841134,645606,324112491,262792291,23760,43.49,7.25,136.3
542,42727,116481930,0,0,839615,312358,196786205,119817867,8800,43.5,7.28,136.2
543,52609,165960477,167936,328,947023,249411,244749077,133304902,12386,43.61,7.22,136.2
544,68756,154592404,0,0,882893,442016,229100747,205712815,8148,43.58,7.24,136.3
545,44366,127333008,0,0,783806,380505,185014741,160924457,10630,43.52,7.22,136.2
546,63868,222808599,0,0,1270073,397584,271655628,170273218,11767,43.44,7.25,136.3
547,25135,140099589,0,0,962990,393556,189657697,150509436,5197,43.29,7.2,136.3
548,130729,251175594,196608,384,1238399,378537,298669144,263212467,31921,43.5,7.28,136.3
549,51682,119143558,0,0,820806,335323,183388433,138902130,10083,43.45,7.22,136.3
550,79637,304088936,20832256,40688,1632965,642157,322083054,275377525,28204,43.35,7.22,136.2
551,48395,164192135,0,0,1118146,468040,203062895,151603883,16941,43.48,7.26,136.2
552,51262,151844408,0,0,923872,281916,197109298,141523146,8198,43.51,7.25,136.2
553,40937,175982878,339968,664,940178,349601,221395518,187347059,9359,43.52,7.26,136.2
554,45862,177575568,0,0,1068828,451684,221825271,128332263,9183,43.63,7.21,136.2
555,46335,98259563,0,0,763640,301564,161184611,116178934,8230,43.36,7.23,136.2
556,65026,184593282,0,0,1252499,456517,244842501,185974005,15866,43.55,7.25,136.2
557,51621,147297465,0,0,971254,297829,198472258,157548170,14722,43.4,7.26,136.2
558,64168,212335197,339968,664,1226231,350113,296026938,215720795,15690,43.63,7.24,136.2
559,51635,156062133,0,0,718197,308842,168052962,154007815,7233,43.51,7.26,136.3
560,77363,301914336,57344,112,1434699,578047,310102414,250712335,24194,43.21,7.26,136.3
561,96314,192349227,0,0,1358937,422119,266937118,198187819,21134,43.58,7.25,136.2
562,58140,201507177,0,0,1045194,359410,239117714,187145318,13251,43.65,7.25,136.3
563,46480,119159491,311296,608,802262,299868,208223069,114139883,9133,43.54,7.22,136.2
564,41900,152073844,0,0,765932,348686,192268190,155799689,6952,43.62,7.2,136.2
565,31384,97118118,0,0,789046,263535,160747529,116196120,10020,43.44,7.26,136.2
566,99802,267597106,0,0,1225622,611120,319312710,283297725,24242,43.58,7.23,136.2
567,29447,125611527,0,0,920913,290800,191039966,148417469,8334,43.37,7.23,136.2
568,58389,234978868,339968,664,1048339,313789,283449087,233523487,30131,43.58,7.26,136.2
569,44576,171756539,0,0,807380,392174,191092387,167732931,5906,43.66,7.24,136.2
570,82224,232406097,0,0,1059036,452224,286927055,257120669,10261,43.45,7.22,136.2
571,80006,266616912,0,0,1489371,578854,279320772,216816143,8457,43.46,7.25,136.2
572,35521,121305369,0,0,849293,297365,198757949,118679151,5833,43.52,7.23,136.2
573,52060,150476490,167936,328,997020,259657,231084628,171011886,14072,43.6,7.22,136.2
574,45593,153715138,0,0,791272,329361,187749085,147573506,7066,43.72,7.24,136.3
575,51385,146616634,0,0,1121286,355797,212996475,150845695,11543,43.48,7.22,136.2
576,66643,214501110,0,0,1147583,445967,251439970,216096897,13093,43.53,7.25,136.3
577,35758,108175845,0,0,905332,425684,178841090,121380256,6055,43.42,7.22,136.2
578,53185,227935988,196608,384,989534,307312,274939002,206977210,14825,43.63,7.28,136.2
579,35291,168701903,0,0,852563,346552,187055491,162111685,8083,43.66,7.24,136.2
580,83841,237824680,0,0,1300614,519818,294824290,256398368,18719,43.14,7.24,136.2
581,105843,385194450,19832832,38736,1727224,703958,365944392,330891655,23927,43.52,7.19,136.2
582,61289,126130965,0,0,790561,342234,200020762,162582172,10056,43.42,7.19,136.2
583,57399,190620038,397312,776,968534,316552,238047906,174458481,8687,43.65,7.23,136.2
584,49002,157843577,0,0,754631,264554,178846143,176824466,11219,43.66,7.22,136.2
585,46777,138908153,0,0,801911,339063,210003107,165765403,13185,43.45,7.17,136.2
586,51942,184960424,0,0,1104686,428341,244548349,194183729,16918,43.57,7.27,136.2
587,24821,135600010,0,0,969414,376211,174366722,147914347,1563,43.37,7.22,136.2
588,59839,198538457,425984,832,1116487,402048,258622992,196449332,9868,43.64,7.24,136.2
589,32847,125722258,0,0,907285,333070,194186823,151378087,6923,43.63,7.26,136.2
590,74668,326059425,0,0,1452300,577198,302239873,255071056,23918,43.17,7.24,136.2
591,66532,221958103,28672,56,1355194,406545,259006247,203466761,11974,43.6,7.22,136.3
592,46237,163590856,0,0,792975,421555,210097786,142516770,7352,43.53,7.23,136.3
593,42101,164538139,167936,328,1003755,399690,243375918,194311367,7361,43.58,7.2,136.2
594,43616,185743041,0,0,959413,316798,196994338,178093073,9375,43.51,7.25,136.2
595,53072,111897821,0,0,657134,251943,186443289,128610618,10505,43.41,7.22,136.2
596,31426,189506484,0,0,1264326,474867,252801151,173094720,10497,43.57,7.18,136.3
597,48718,115428045,0,0,877113,312096,175407254,128128729,10979,43.36,7.27,136.3
598,59028,184495136,196608,384,1071738,411820,278957130,215816992,13857,43.46,7.26,136.2
599,53968,152257071,0,0,757859,280310,178553468,125678357,15412,43.49,7.27,136.3
600,67791,240502065,0,0,1134412,561125,245913328,229156506,15498,43.46,7.31,136.2
601,44857,211460362,0,0,1333619,460966,247342581,198933240,6272,43.58,7.21,136.3
602,55043,146816484,0,0,1159174,381162,208755872,189082229,11730,43.42,7.2,136.3
603,42183,192213888,167936,328,786922,326951,245866638,228146657,9686,43.6,7.18,136.3
604,41204,179580616,0,0,856562,390505,212249825,149085415,6511,43.56,7.21,136.2
605,48878,99955696,0,0,747279,264043,189433965,108172469,9795,43.44,7.22,136.2
606,72819,214658948,0,0,1637891,611788,311102437,195661206,16740,43.57,7.26,136.3
607,43533,141100087,0,0,888780,311325,181493319,155825046,5966,43.43,7.19,136.3
608,23874,144691413,196608,384,974355,375337,216458300,127692996,6439,43.57,7.17,136.3
609,51910,178730326,0,0,843350,408743,200028888,186688201,8188,43.5,7.21,136.3
610,39704,135647619,0,0,933640,342796,195285374,175107293,6172,43.45,7.26,136.3
611,71516,217322078,20144128,39344,1225691,526249,269282127,188073967,6865,43.39,7.2,136.3
612,50978,182984225,0,0,1309235,369650,272903646,176528454,8918,43.52,7.27,136.3
613,67153,195133718,282624,552,1110144,305548,249906194,212325537,14559,43.47,7.2,136.2
614,41744,166000138,0,0,674177,368729,170836539,155928555,7110,43.52,7.27,136.2
615,76634,207542202,0,0,1187034,472962,218342851,180523570,34318,43.47,7.22,136.3
616,92020,242328651,0,0,1401718,438072,309522788,244052611,30659,43.58,7.25,136.3
617,42801,118650902,0,0,851297,255933,180054709,140592467,9332,43.47,7.29,136.3
618,49057,161330715,339968,664,949577,306298,243174189,151489593,7825,43.52,7.19,136.3
619,47070,143273326,0,0,832432,301485,146908740,131258397,12105,43.56,7.25,136.3
620,56390,116821665,0,0,618608,285351,163425604,127245260,13135,43.43,7.26,136.3
621,86189,233361278,0,0,1378757,411471,306226227,228436582,25429,43.43,7.21,136.3
622,55936,179270638,28672,56,963060,331509,242931178,160485108,15663,43.43,7.24,136.3
623,75941,207993545,167936,328,871077,389567,246811718,231072526,9910,43.46,7.26,136.3
624,56197,292380887,0,0,1396267,536649,280784860,271060407,19607,43.59,7.23,136.3
625,35175,135240075,0,0,691487,326094,176915077,157252608,17254,43.46,7.28,136.3
626,57151,244356442,0,0,1445436,598967,303244705,224477603,9651,43.54,7.31,136.3
627,56933,131641163,0,0,843371,250737,194642576,149540964,17355,43.39,7.18,136.3
628,66737,207335365,225280,440,856654,307831,254900397,236124353,9887,43.53,7.23,136.3
629,37205,192403883,0,0,909624,354302,202608578,163459717,5604,43.62,7.25,136.3
630,50597,188509931,0,0,1272133,524359,243399213,207748021,13545,43.41,7.22,136.3
631,56971,192619205,0,0,966421,372795,219596882,193870461,7997,43.61,7.18,136.3
632,60911,101463562,0,0,705015,267672,173929276,125623812,10814,43.39,7.22,136.3
633,48987,169911946,167936,328,1004384,439650,247216061,185134152,5652,43.53,7.21,136.3
634,49451,156484254,0,0,1051025,412086,225963536,162399073,13636,43.52,7.25,136.3
635,43794,120843153,0,0,698694,235656,169636669,150377522,9548,43.43,7.24,136.3
636,81313,223405492,0,0,1337942,403423,271990528,234375245,22219,43.51,7.23,136.3
637,43895,147343964,0,0,876153,358101,193790745,161448422,3106,43.41,7.18,136.3
638,60987,269529158,167936,328,1563685,525329,319907788,229694784,32479,43.41,7.24,136.3
639,38578,199713262,0,0,1160877,426807,228540260,199651318,5428,43.43,7.2,136.3
640,32577,101899082,0,0,839066,289581,175961681,133926671,6571,43.38,7.23,136.3
641,63785,207818832,0,0,1430314,474113,246020189,213659071,14733,43.53,7.2,136.3
642,50441,158383872,20045824,39152,1028095,315757,232707879,163454282,9387,43.37,7.2,136.3
643,61605,170957590,454656,888,938978,249946,201909289,201227285,15178,43.54,7.26,136.3
644,71769,234116702,0,0,1026101,357064,255359193,220937828,11536,43.53,7.23,136.3
645,49768,102759775,0,0,666972,263670,161779436,110347394,8618,43.33,7.19,136.3
646,74568,232969677,0,0,1385736,413226,285386071,208893995,8553,43.58,7.26,136.3
647,50834,143263124,0,0,937698,390498,201356869,161618246,6267,43.51,7.19,136.3
648,74557,293677110,167936,328,1440519,498251,325270623,266722917,21090,43.41,7.22,136.3
649,35293,207123510,0,0,1024249,391399,243436149,161765726,8167,43.52,7.19,136.3
650,34126,99220179,0,0,823062,264729,168787445,98255699,9569,43.49,7.24,136.3
651,80000,194977964,0,0,1380626,358746,235568944,176278728,23280,43.56,7.19,136.3
652,57240,154142220,28672,56,1028521,326202,227177619,179654330,7312,43.28,7.21,136.3
653,61421,236903764,225280,440,1333847,528895,318706024,212301919,17851,43.48,7.23,136.2
654,44791,108731938,0,0,860283,290900,156890841,138602793,8782,43.58,7.23,136.2
655,34495,174280968,0,0,892308,265420,198246636,157971410,9844,43.42,7.2,136.3
656,111755,278722145,0,0,1644394,608352,290748205,211465136,16467,43.41,7.23,136.3
657,65385,168926105,0,0,956196,326807,236266230,196871073,16134,43.56,7.2,136.3
658,49906,148915353,167936,328,843860,255918,223308964,119422006,11723,43.46,7.22,136.3
659,47601,145951555,0,0,781866,309165,205731838,185379790,9457,43.5,7.21,136.3
660,41828,135366628,0,0,882157,423546,180054871,155961639,5230,43.4,7.24,136.3
661,104123,273369804,0,0,1425432,515257,339079455,305115612,10046,43.47,7.22,136.2
662,44175,144786896,0,0,1015583,345357,195169538,163566010,7125,43.58,7.2,136.3
663,36235,246130142,196608,384,1064172,366693,315248558,220231795,7742,43.24,7.16,136.2
664,67066,134107678,0,0,790473,328144,198580999,178274229,9525,43.6,7.21,136.3
665,42641,152137642,0,0,775457,324276,192747394,137149776,4862,43.39,7.24,136.3
666,60361,224415420,0,0,1447989,488838,302328109,193570476,10406,43.3,7.25,136.3
667,60789,250234108,0,0,1402783,550066,260136646,231721959,16683,43.61,7.24,136.3
668,38351,163142507,167936,328,872536,389200,221763314,179729827,8328,43.42,7.22,136.2
669,53676,129752970,0,0,898542,291084,180572524,151978943,8715,43.51,7.21,136.3
670,37916,161820116,0,0,964575,319743,186323413,144416811,7922,43.4,7.21,136.3
671,90052,239480969,0,0,1834647,467200,269904989,264764547,9168,43.52,7.2,136.2
672,41955,174881550,0,0,921849,359325,207951295,189441400,10387,43.46,7.19,136.3
673,49831,232776010,22138880,43240,1238885,363905,328556278,232342246,19792,43.41,7.21,136.3
674,38724,133111779,0,0,840789,398302,184210543,169417166,3718,43.58,7.24,136.2
675,36995,175575675,0,0,829888,294350,194302709,157674871,9444,43.39,7.21,136.2
676,86724,253544900,0,0,1429955,525214,302556163,264044814,9811,43.38,7.25,136.3
677,68435,255559232,0,0,1440810,616493,288487938,225933842,17932,43.57,7.2,136.3
678,48374,188668466,167936,328,928790,367310,244627932,207650288,8797,43.41,7.22,136.2
679,39828,128139887,0,0,857594,336127,183857239,146595206,7869,43.49,7.31,135.9
680,63169,206844161,0,0,1256514,406509,280678216,200999650,21106,43.33,7.24,135.5
681,39822,121905166,0,0,1026219,347315,223811991,167198725,9839,43.54,7.23,135.1
682,32350,138458781,0,0,943444,331755,192515166,171461593,8805,43.45,7.26,134.7
683,40886,203840119,454656,888,1179665,304859,244354953,192299259,15571,43.46,7.23,134.4
684,24517,122482036,0,0,743542,297564,185681171,141654043,6327,43.35,7.21,134.2
685,56313,280472689,0,0,1448829,561107,290683201,239724586,7990,43.32,7.23,134.0
686,83653,203412137,0,0,1519113,525905,290883230,212868181,15937,43.54,7.25,133.8
687,50990,139932757,0,0,1002172,310782,189961857,129908355,7711,43.62,7.26,133.6
688,36012,172620104,167936,328,990621,305679,239966321,143406749,8402,43.01,6.9,133.5
689,43697,105199658,0,0,747444,222790,133571827,90976995,8260,42.35,5.77,133.3
690,35391,176017121,0,0,883597,90263,211500174,156163989,1577,42.32,6.01,133.3
691,79120,203760310,0,0,1141792,243045,262217583,182902325,7625,42.35,5.71,133.2
692,49538,122443823,0,0,798016,65057,178279863,129448836,1000,42.34,5.66,133.4
693,51728,164237377,167936,328,968060,80316,238677279,172048037,6180,42.31,5.81,133.8
694,36639,114284575,0,0,827406,50035,165353195,120437835,1506,42.49,5.71,134.2
695,32453,132259005,0,0,784124,63426,175164669,105844838,556,42.27,6.04,134.5
696,76118,238275826,0,0,1362374,155794,261921785,175732854,5335,42.3,5.81,134.8
697,55071,169593650,0,0,1206690,73924,220927527,175531319,1750,42.43,5.66,135.0
698,27835,168457275,196608,384,987120,55114,209841765,148117320,1271,42.35,5.82,135.2
699,33464,121218186,0,0,872160,91702,154361802,110535633,1046,42.39,5.71,135.4
700,74512,244848029,0,0,1203179,291945,241532556,209569712,8047,41.39,6.27,135.6
701,94053,237205712,0,0,1176750,456269,303873889,240710752,13694,40.54,7.39,135.7
702,65753,132014645,0,0,851987,300317,202757423,158193944,11218,42.76,7.5,135.8
703,41201,198175602,20938752,40896,876000,384565,242806040,182233255,6870,43.09,7.48,135.9
704,35243,190696406,0,0,1075568,318073,227445058,181344681,11542,43.31,7.55,136.0
705,29000,196632775,0,0,1148588,445164,221708381,139576930,10620,43.15,7.53,136.0
706,60862,150046491,0,0,877890,382344,200577268,183815248,19640,43.35,7.49,136.1
707,48453,124286472,0,0,737637,280540,165445206,157693876,11913,43.23,7.5,136.2
708,72839,221748028,454656,888,1083245,369469,286055766,221076603,20182,43.04,7.51,136.2
709,84620,284885388,86016,168,1310329,558010,299894064,245758125,18003,43.12,7.47,136.2
710,45772,165886805,0,0,931879,338471,195713168,145065189,10946,43.1,7.52,136.3
711,78829,217345878,0,0,1365405,490106,284225861,227428516,14489,43.16,7.48,136.4
712,57526,164464924,0,0,1026614,387579,217223743,181239896,6929,43.26,7.51,136.4
713,45886,173291882,225280,440,1060346,411021,279313120,177513243,9862,43.07,7.46,136.4
714,56996,200718524,28672,56,882777,362857,241579901,206572854,9782,43.2,7.51,136.5
715,35911,158334444,0,0,926109,350126,199190618,90777496,10720,43.06,7.52,136.5
716,38663,191238657,0,0,1327285,472355,259562365,187220195,10332,43.16,7.55,136.5
717,41223,105239354,0,0,930101,319630,176674238,131031405,7578,43.18,7.48,136.5
718,103698,446910874,282624,552,1751182,555402,425765618,371308363,26684,42.95,7.53,136.5
719,51987,112463283,0,0,824941,298153,165906292,155776730,11890,43.15,7.51,136.5
720,35839,261211732,0,0,959723,377336,220627017,192106718,8307,43.11,7.48,136.6
721,56757,226927621,0,0,1271191,464232,285005131,227526392,19311,43.23,7.52,136.6
722,47369,106615054,0,0,911368,301496,187046437,106116710,7759,43.27,7.53,136.6
723,58493,197330492,167936,328,1058613,386740,268247451,217630654,10070,43.11,7.47,136.6
724,31501,129734565,0,0,912910,340584,178111138,149760943,9213,43.27,7.48,136.6
725,46478,119852461,0,0,796904,312024,186705526,128957961,8271,43.09,7.5,136.6
726,62900,206522177,0,0,1383897,462859,253046680,198360170,17163,43.16,7.5,136.6
727,46554,142939031,0,0,889941,370406,200585623,168545321,4537,43.24,7.49,136.6
728,80874,294071244,225280,440,1544535,714254,342081678,297117020,19949,43.05,7.52,136.7
729,40983,107176280,0,0,893573,305625,187302385,123606831,10511,43.32,7.56,136.7
730,19613,175942807,0,0,917988,319058,191474371,159462223,7225,43.1,7.55,136.7
731,96422,214958685,0,0,1229832,377745,253123414,225520930,21178,43.16,7.47,136.6
732,66775,120907505,0,0,904372,235742,200671956,143632618,15155,43.23,7.53,136.7
733,43400,123805356,167936,328,938724,258507,190108553,149290342,17401,43.11,7.5,136.7
734,71242,281628360,20369408,39784,1242281,343375,334255558,285562644,28875,43.03,7.51,136.8
735,56341,112854960,0,0,840038,236566,187936774,164417608,14702,43.08,7.52,136.7
736,65718,224220990,0,0,1402322,400870,288027560,230898723,21196,43.1,7.51,136.7
737,37467,115151969,0,0,902814,268147,185154349,80353687,10661,43.29,7.57,136.7
738,58193,211754427,454656,888,979798,380740,260609573,187766449,14083,43.11,7.49,136.7
739,63119,129741785,0,0,779785,383768,178279170,172961776,14062,43.19,7.48,136.7
740,49431,176187530,0,0,885276,327317,192106244,173355919,7405,43.17,7.5,136.7
741,100503,360086979,0,0,1879109,701272,336636112,282706485,32180,43.12,7.51,136.7
742,53948,121175160,0,0,789385,226154,190441264,135624508,14961,43.2,7.48,136.7
743,73834,218726090,167936,328,998146,357519,289893774,194047225,16984,43.09,7.51,136.7
744,38852,155263185,28672,56,1043810,441221,199040034,179661945,12167,43.18,7.48,136.7
745,36539,153496388,0,0,975550,311735,229742093,165793015,6947,43.01,7.49,136.7
746,78938,224204198,0,0,1328288,502797,291755348,247395083,22551,43.14,7.53,136.7
747,42905,164241047,0,0,1069226,367735,220855730,175374587,8255,43.21,7.49,136.7
748,43666,181041796,196608,384,1130965,417898,282694359,182574376,7294,43.12,7.48,136.6
749,32298,189151921,0,0,1040724,456854,222954390,183648092,5277,43.19,7.53,136.7
750,52165,202081017,0,0,903879,328061,205547923,139738121,11604,42.99,7.51,136.7
751,92877,327019309,0,0,1796298,699726,330338863,287852514,34178,43.23,7.54,136.7
752,46329,123902938,0,0,975725,282916,209200460,146611172,11689,43.32,7.5,136.7
753,55702,234080863,167936,328,1084240,373851,281594658,199244647,9807,43.16,7.46,136.7
754,40606,237501734,0,0,914521,366785,225871887,206247718,8590,43.23,7.53,136.7
755,54145,128332989,0,0,841433,359301,198702504,172464893,8541,43.05,7.46,136.7
756,91512,185741071,0,0,1295026,508650,274447491,186621774,21451,43.19,7.53,136.6
757,45398,128162753,0,0,855983,283731,197600374,134759457,8661,43.25,7.53,136.6
758,54142,175304864,196608,384,1121843,407029,273015722,193143996,27893,43.04,7.52,136.6
759,45019,308017962,0,0,1522079,586802,310392340,258488575,7081,43.16,7.52,136.7
760,50728,179932899,0,0,807239,380752,186795536,169129776,5724,43.04,7.46,136.7
761,55172,217326110,0,0,1258783,467133,270671647,207614346,18138,43.21,7.5,136.6
762,58232,107792951,0,0,973882,340937,194991234,111438237,12696,43.24,7.45,136.7
763,47933,131641092,167936,328,611743,335699,184448543,171069916,7292,43.21,7.52,136.6
764,45129,249389428,0,0,1213095,490062,302612462,204610480,10718,43.17,7.51,136.7
765,39346,205666576,20615168,40264,1206835,440052,233699606,196487426,9228,43.02,7.48,136.7
766,54344,268631866,0,0,1517068,433260,295355097,224375967,22260,43.09,7.48,136.7
767,42287,143370327,0,0,986301,360245,209464069,181141096,10630,43.18,7.5,136.7
768,31001,203954805,425984,832,905290,374930,243196686,201443351,5558,43.07,7.48,136.7
769,62626,217807470,0,0,1149189,427777,300511971,206261130,32616,43.28,7.56,136.7
770,46145,102335336,0,0,921712,343810,177728175,132272839,13206,43.09,7.5,136.7
771,104018,321537964,0,0,1778806,670825,345158112,291894516,22391,43.05,7.52,136.6
772,32334,115650572,0,0,941054,274479,154862165,113568851,8108,43.16,7.5,136.6
773,28372,119536508,167936,328,875449,334731,196143545,134493214,6793,43.19,7.5,136.6
774,45933,269535848,0,0,1170980,448305,301332320,203691444,7551,43.2,7.52,136.6
775,41460,129015329,0,0,886730,349118,168997290,145524317,7599,43.1,7.51,136.7
776,59837,213100946,0,0,1287183,369160,260403941,209956782,15325,43.18,7.56,136.7
777,25051,146119309,0,0,881092,307144,195410309,148027280,8203,43.32,7.56,136.7
778,72913,279144884,196608,384,1268893,379598,328653588,314894022,14561,42.96,7.49,136.7
779,46761,147483701,0,0,957509,396881,209317761,173647102,4671,43.16,7.48,136.6
780,62160,353429858,57344,112,1587151,571319,336517625,256755840,20911,42.91,7.48,136.7
781,76334,277637267,0,0,1553341,533675,314419741,230189283,15351,43.14,7.49,136.7
782,34270,133419221,0,0,939042,339337,199424263,150531964,6618,43.25,7.51,136.7
783,54171,175106651,253952,496,878238,410739,227312322,197668491,8357,43.14,7.46,136.7
784,51664,132224245,0,0,819562,297773,184853649,160665319,9909,43.16,7.55,136.7
785,72209,209369542,0,0,1269026,501479,291863566,234599134,11823,43.13,7.49,136.7
786,49156,178780420,0,0,1008211,431419,241495721,210581196,10931,43.26,7.49,136.7
787,57855,155662130,0,0,812614,321858,205723986,151442701,9925,43.37,7.52,136.7
788,35269,185338008,311296,608,883635,337859,225035227,193367338,10385,43.02,7.46,136.6
789,40008,185696254,0,0,1114925,375357,234459623,214936453,12610,43.27,7.52,136.7
790,98208,359772849,0,0,1765333,665543,394256996,317838687,28066,43.04,7.52,136.7
791,47185,163375559,0,0,999148,343077,244806866,172709629,11035,43.28,7.53,136.7
792,46451,141264203,0,0,770524,341603,206872737,172830480,9476,43.22,7.52,136.7
793,43692,181294491,167936,328,863544,420580,218561710,192498394,12962,43.21,7.5,136.7
794,37534,127846689,0,0,919099,364485,186680428,155065545,5153,43.21,7.47,136.7
795,74110,169921447,0,0,1227045,416107,253180905,198874258,18252,43.01,7.52,136.7
796,64702,293028380,20819968,40664,1305580,458450,331573595,266769538,13813,43.13,7.51,136.7
797,50279,185021862,0,0,1014479,316247,208435630,163868950,9854,43.26,7.57,136.7
798,61380,130851242,454656,888,862842,274457,203975650,146187451,9239,43.02,7.54,136.7
799,48801,227786392,0,0,1202859,294281,264861553,162818437,10538,43.08,7.51,136.7
800,89892,326493560,0,0,1604308,677978,351399764,291920042,21742,43.06,7.53,136.6
801,71351,191246720,0,0,1089665,386410,270121842,239149081,15264,43.17,7.46,136.7
802,43075,138077729,0,0,997146,353122,217180111,156991937,7107,43.18,7.51,136.7
803,52044,158871018,167936,328,792727,310263,224712752,193905878,16930,43.13,7.55,136.7
804,55546,129649273,0,0,932754,355635,192772762,102007661,10641,43.3,7.5,136.7
805,58463,177296986,0,0,1091509,441931,252637223,188553465,9431,43.15,7.5,136.6
806,49914,163789262,0,0,1101819,384938,241802953,139757438,10552,43.21,7.53,136.6
807,38889,119899787,0,0,992604,383768,172787505,145481211,7235,43.14,7.52,136.7
808,48767,161274085,225280,440,993567,309057,195090571,158786060,8362,43.04,7.48,136.7
809,54128,212613577,0,0,1171641,296821,253847203,173898423,17114,43.15,7.48,136.7
810,87396,218518717,0,0,1313617,417974,299021861,255622028,30843,42.91,7.49,136.7
811,43254,210057497,28672,56,1358086,375624,273143003,176196167,7753,43.07,7.51,136.7
812,73703,318392380,0,0,1373656,550833,260525592,257252683,19561,43.1,7.5,136.7
813,33633,172961175,167936,328,990199,329793,223943505,182336172,9288,43.12,7.49,136.7
814,39924,137800215,0,0,816139,404577,186601932,149836909,11372,43.17,7.44,136.7
815,61423,248160914,0,0,1378801,524017,284749820,217054864,25222,42.73,7.49,136.6
816,84499,279631986,253952,496,1577681,411472,332647853,282671620,28430,43.26,7.54,136.6
817,50725,226168326,0,0,933664,398138,253320167,205657005,10099,43.16,7.53,136.6
818,34805,118786531,0,0,835731,323641,177637581,149579476,7168,43.22,7.47,136.7
819,28426,98752273,0,0,908179,352988,148771164,131554911,8141,43.24,7.55,136.7
820,66644,186971499,0,0,1302899,458059,274290827,182214832,23482,42.64,7.45,136.7
821,92739,390159659,6877184,13432,1654648,375183,438353541,391266337,24845,43.08,7.51,136.6
822,69113,192991075,0,0,886453,278291,217974646,133989349,11602,43.25,7.53,136.6
823,19806,120164988,0,0,816017,314238,159186628,137127100,9105,43.27,7.56,136.6
824,73049,175611811,0,0,850885,417049,207641468,171389506,18769,43.11,7.52,136.7
825,75618,173118388,0,0,1015314,395675,242173040,176870851,12956,42.8,7.45,136.6
826,116098,372620243,22142976,43248,1662086,509352,456569221,365141572,33699,43.1,7.48,136.6
827,95067,313493742,0,0,1319319,437741,347373224,279256003,18207,43.2,7.52,136.6
828,43838,133557715,0,0,844507,298977,185047752,157270760,9514,43.15,7.48,136.6
829,62790,239795815,0,0,1288322,510119,238374740,224592709,26663,43.11,7.5,136.6
830,28450,132940768,0,0,808640,370575,180740121,136901711,8616,42.96,7.5,136.6
831,95914,251074449,282624,552,1354094,406631,318702458,267315503,25422,43.16,7.51,136.6
832,72583,239173990,0,0,1101531,453791,262518943,249544758,8563,43.24,7.52,136.6
833,38501,128258871,0,0,783226,284080,184800350,158716032,5977,43.11,7.47,136.6
834,39107,142181523,0,0,683187,288911,171743780,155138931,7936,43.16,7.54,136.6
835,53940,124175039,0,0,822604,250742,178320194,104097608,12647,42.82,7.48,136.6
836,99464,318632558,311296,608,1766674,471620,356736623,317809375,30873,43.17,7.53,136.6
837,43635,154448856,0,0,1272849,488025,266462931,184461627,11260,43.19,7.48,136.6
838,36960,119996913,0,0,850746,300888,169702022,142498757,9661,43.2,7.51,136.6
839,18775,115232334,0,0,740906,344651,178371755,117017299,5874,43.08,7.51,136.6
840,76678,228714782,0,0,1339908,573208,252411023,236290802,20705,42.87,7.43,136.6
841,75481,274624393,167936,328,1591784,450458,343519570,272693604,36918,43.09,7.48,136.6
842,42566,238039523,28672,56,1158557,443405,291809512,220806259,16383,43.28,7.48,136.6
843,40941,125686287,0,0,800600,310139,191662487,155275312,8585,43.16,7.5,136.6
844,71287,170587673,0,0,1038501,330588,236653068,205315382,13228,43.13,7.52,136.6
845,33203,145956253,0,0,859541,383194,183165366,174180391,6098,42.78,7.45,136.6
846,66508,348845853,225280,440,1660403,477567,374133744,302072971,33116,43.13,7.5,136.6
847,26474,109615815,0,0,1042367,284931,179697078,116397205,7862,43.14,7.52,136.6
848,68275,247322358,0,0,1331427,484062,246684935,237201865,30474,43.21,7.52,136.6
849,70898,146202900,0,0,804369,393923,209654582,167724090,10521,43.11,7.52,136.6
850,17438,130676291,0,0,904323,342459,192313666,115106078,7784,42.89,7.52,136.6
851,74432,326912330,167936,328,1511017,457438,348521445,322193157,29659,43.08,7.49,136.6
852,62526,184245515,0,0,827409,322767,224066547,166501849,9626,43.31,7.55,136.6
853,33900,95185040,0,0,741883,308090,164616120,114002437,7886,43.26,7.51,136.6
854,47839,163675069,0,0,927180,279380,206805553,201613435,11324,43.25,7.5,136.6
855,43205,112996970,0,0,719690,275110,183544683,132400222,5268,42.96,7.48,136.6
856,95880,306325530,167936,328,1437632,399994,352018133,295231281,26381,43.01,7.47,136.6
857,64205,284730364,20586496,40208,1148661,362434,322328807,245238274,18930,43.16,7.54,136.6
858,73606,324239155,0,0,1217866,603904,266898757,249406215,21416,43.23,7.47,136.6
859,52836,135418513,0,0,827577,330092,188734820,173753787,4368,43.21,7.52,136.6
860,52153,144455753,0,0,1050396,411487,242065594,172696248,9112,42.91,7.51,136.6
861,56808,247006134,454656,888,1411181,439802,307346233,259002900,19153,43.2,7.55,136.6
862,39722,193832962,0,0,964795,278108,192646381,177488562,9246,43.28,7.57,136.6
863,37922,139866554,0,0,855047,412651,164378066,155461689,4665,43.21,7.45,136.6
864,50558,165641801,0,0,1131221,410432,218740256,189210231,14027,43.24,7.5,136.6
865,52918,132923373,0,0,798519,252425,180517060,170217828,14107,42.93,7.45,136.6
866,83621,290803031,167936,328,1280715,432709,348179618,266550288,18048,43.0,7.51,136.6
867,53670,353625389,0,0,1709743,639064,315840919,244037621,23737,43.22,7.52,136.6
868,27223,82886124,0,0,811576,247266,148254656,109861488,7397,43.27,7.51,136.6
869,46640,147024873,0,0,993673,348403,205854402,175071549,12133,43.21,7.54,136.6
870,41481,105334845,0,0,630926,346339,174562468,119044869,8767,43.0,7.51,136.6
871,63591,308489972,225280,440,1604051,511946,357356894,289302415,14706,43.21,7.5,136.6
872,31891,130191463,57344,112,934364,405263,227533725,152603005,9823,43.03,7.5,136.7
873,58551,148542700,0,0,969337,372360,251981129,172874958,22663,43.2,7.5,136.7
874,57749,250892740,0,0,1074967,442816,261413217,204666520,7542,43.22,7.55,136.7
875,38922,96418857,0,0,820308,265458,174557403,125898352,12949,42.89,7.47,136.6
876,92652,411343910,253952,496,2092699,701412,423324707,322515104,24321,43.21,7.48,136.6
877,48096,196550705,0,0,1054457,450463,227578827,166305855,5394,43.29,7.5,136.6
878,58171,147108418,0,0,909618,364219,200761265,175341301,10013,43.2,7.49,136.6
879,37110,153194345,0,0,834277,280386,185556831,171763514,6472,43.26,7.51,136.6
880,42606,112892948,0,0,581727,362898,178753166,161798377,7341,43.02,7.51,136.6
881,88981,291349691,253952,496,1515512,505866,336030700,281292465,22350,43.2,7.5,136.6
882,71636,140930252,0,0,1009527,392317,261803432,132480872,13200,43.24,7.52,136.6
883,38795,124632595,0,0,821546,288732,178995558,124981834,6728,43.22,7.44,136.6
884,51736,148020602,0,0,791653,321466,186300920,178462266,6139,43.26,7.51,136.6
885,44559,117666434,0,0,753055,292536,172430910,154111000,8950,43.0,7.46,136.6
886,115198,299356979,167936,328,1691606,626922,360072977,292740995,31172,42.98,7.49,136.6
887,93608,280183957,0,0,1337296,472040,284364250,266289630,22794,43.08,7.5,136.6
888,66981,211806182,21303296,41608,1087645,334905,278570316,210722209,9354,43.28,7.52,136.6
889,65430,226604120,0,0,1083539,393348,242124515,188014742,12177,43.29,7.5,136.6
890,53731,128565003,0,0,629049,195254,174411875,126637772,13070,43.2,7.56,136.6
891,140798,259930446,512000,1000,1474805,430181,331773898,249304112,52269,43.05,7.48,136.6
892,49783,201374740,0,0,1118204,290019,254296816,189042386,12225,43.19,7.51,136.6
893,57346,200477043,0,0,920225,275643,211080676,124926058,12819,43.22,7.5,136.6
894,58708,160566301,0,0,911848,383390,224163247,173726874,8871,43.28,7.54,136.6
895,48902,127000139,0,0,772303,289564,174748094,154736576,6629,43.02,7.56,136.6
896,147466,445342090,167936,328,2244014,846010,455558575,385272602,52242,43.14,7.45,136.6
897,57745,242160181,0,0,1210854,467847,259786621,195991732,11827,43.14,7.47,136.6
898,43213,145837591,0,0,735675,293109,192749554,172040079,7558,43.37,7.55,136.6
899,29898,123008520,0,0,826362,397356,182141016,144911438,11521,43.18,7.48,136.7
900,43421,140284157,0,0,910967,328805,200167592,163739897,10761,43.17,7.52,136.7
901,44815,149409564,167936,328,1221941,398531,224886860,113862028,20020,43.07,7.51,136.6
902,72444,240474146,0,0,1323038,399816,300994449,237028115,13547,43.1,7.49,136.7
903,60965,260514371,28672,56,977176,296217,298787070,193754359,17880,43.18,7.5,136.7
904,32107,206313254,0,0,912853,438869,216153316,197845722,8123,43.27,7.49,136.7
905,53825,126951142,0,0,795843,287836,195562151,157356938,10851,43.06,7.51,136.6
906,70472,190963955,196608,384,1332786,465233,273410569,192280192,20008,43.07,7.46,136.6
907,107724,361281320,0,0,1568495,561855,395184208,361205885,26915,43.12,7.5,136.6
908,36996,170719758,0,0,834647,306339,191864147,138530250,10572,43.23,7.47,136.6
909,29745,133939881,0,0,886926,317372,193106451,151745166,9864,43.31,7.51,136.6
910,48990,125804569,0,0,642846,357043,174593863,152303956,5287,43.05,7.48,136.6
911,89767,246581888,167936,328,1248132,518680,309041451,266420080,27733,43.07,7.51,136.6
912,120380,272404403,0,0,1132800,446735,339037416,293340715,13428,43.18,7.46,136.6
913,37755,205890922,0,0,759021,339015,194113378,176803672,8071,43.31,7.52,136.5
914,46676,90922894,0,0,825739,300421,164359844,113004845,8143,43.21,7.51,136.6
915,31427,120298117,0,0,788127,362233,158598671,133512318,5747,43.04,7.47,136.6
916,73608,198042090,196608,384,1337656,462823,272779174,179368330,23476,43.01,7.48,136.6
917,96564,251902865,0,0,1457744,411009,319018997,265732708,13124,43.17,7.49,136.7
918,42715,180960736,20054016,39168,855268,312802,177465726,145810126,7849,43.01,7.51,136.6
919,104199,323149341,937984,1832,1527329,573036,324081960,263777462,28306,43.26,7.56,136.6
920,42266,136251528,0,0,758403,327575,208583279,178408317,11000,43.11,7.5,136.6
921,81348,196227315,311296,608,1277069,481726,253336239,192581817,13929,43.12,7.49,136.6
922,77959,241161730,0,0,1029890,349292,274499076,253970916,7542,43.08,7.49,136.6
923,163611,600940095,2560,5,2153987,384884,450863894,384946784,18530,42.63,7.37,136.6
924,178500,623146794,512,1,2053478,302830,514939970,408940169,11428,43.24,7.48,136.6
925,60266,226297233,0,0,1079347,405511,235737310,179344467,7714,43.15,7.5,136.6
926,30141,198809407,319488,624,1242821,376868,233408427,167759123,12239,43.1,7.47,136.5
927,66069,226660084,0,0,1015967,368853,282732006,256061248,13106,43.22,7.47,136.5
928,54251,288008769,0,0,1222633,630013,249195805,230738551,16720,43.14,7.48,136.6
929,63930,197160918,86016,168,1061220,287074,277110168,223530839,14134,43.26,7.49,136.6
930,59450,258010652,0,0,1197694,405331,253679831,235862456,21286,43.1,7.47,136.6
931,84139,264053272,311296,608,1208797,343966,323413877,293803943,22513,42.96,7.49,136.6
932,69830,359395662,200704,392,1800574,568962,369201039,242480897,22589,43.19,7.5,136.6
933,26688,106624219,0,0,869387,299075,133589827,91743053,13178,43.12,7.48,136.6
934,39320,193036647,28672,56,1149310,282910,276750305,222840545,18314,43.21,7.5,136.6
935,39793,216445097,0,0,894233,404647,213973496,203738745,6560,43.05,7.47,136.6
936,90344,317121595,167936,328,1779483,528759,395261738,277862900,23225,43.08,7.44,136.6
937,27703,131269382,0,0,1045055,383558,207531409,130295640,6649,43.28,7.52,136.6
938,42535,176487161,0,0,857499,297193,205347457,137184614,12805,43.25,7.5,136.6
939,29179,109506871,0,0,783794,197054,169733790,125187672,11006,43.29,7.52,136.6
940,23608,128731648,0,0,827833,309305,172910825,154779909,6944,43.04,7.47,136.6
941,103957,318799567,167936,328,1881938,607537,382115436,263430301,35267,42.95,7.47,136.6
942,93969,265647368,57344,112,1459698,460721,324601153,281404011,28296,43.27,7.51,136.6
943,34086,190111685,0,0,845110,361194,191030335,133952101,3178,43.29,7.53,136.7
944,25290,114819129,0,0,885735,306049,174519569,118426335,6005,43.24,7.5,136.7
945,52132,217960195,0,0,1337743,521447,253657519,226462100,15842,43.19,7.52,136.7
946,47382,152607015,167936,328,1086232,322914,204410468,150582725,17039,43.07,7.46,136.6
947,54470,243990355,0,0,1136234,371444,289506227,263836161,10103,43.22,7.48,136.7
948,47885,183604596,0,0,833554,344869,197304681,161376929,9554,43.12,7.49,136.7
949,25955,199772558,20770816,40568,1003161,360001,269244208,199211857,8563,43.23,7.51,106.0
950,83498,314926022,0,0,1306903,485461,316504643,284085979,20747,43.09,7.5,96.4
951,55455,177359482,311296,608,1142574,402334,246478362,175834588,17218,42.95,7.46,96.4
952,79994,268519997,200704,392,1548474,461768,332325461,201782501,22290,43.27,7.51,96.4
953,30130,184934842,0,0,774771,294579,194774831,142789376,6190,43.29,7.5,123.6
954,29194,71994789,0,0,828546,273195,151153207,89932250,8140,43.2,7.49,111.3
