,LLC-load-misses,ref-cycles,bytes,LLC-store-misses,blocks,LLC-loads,instructions,cycles,LLC-stores,pkg_pwr,ram_pwr,power
0,26710,478437726,0,199,0,3625404,287709219,424777585,233610,27.41,5.51,114.8
1,11825,502372247,368640,123,720,4151308,333992028,479383302,263061,29.52,5.22,93.4
2,10963,591688764,0,187,0,4547190,405642389,542937927,256346,27.51,5.14,93.3
3,5974,642582619,28672,236,56,5051373,419406007,611492036,334285,27.65,5.16,93.5
4,156290,630886509,2007040,6014,3920,5643202,425359966,543600706,324855,31.66,5.55,93.6
5,97208,713529454,0,3052,0,5927160,467984281,637637612,363070,29.29,5.31,93.7
6,13222,715809769,598016,3349,1168,5802948,480290423,680967879,394697,29.77,5.29,93.6
7,7789,530865677,0,392,0,3849869,330502944,498331693,273056,25.72,5.16,93.6
8,8374,542431245,229376,318,448,4118812,341396089,507347693,272138,26.27,5.2,93.7
9,125858,658449206,0,6260,0,6140589,438060149,615634924,349812,28.89,5.57,93.6
10,21397,596771983,0,682,0,4438054,398349425,541079665,255711,27.01,5.24,93.6
11,25450,611026484,253952,555,496,4767566,397867748,566685547,276420,27.66,5.22,93.5
12,112132,537410007,0,11991,0,4178929,358104560,490847293,300693,30.78,5.37,93.6
13,56458,741685148,28672,2675,56,5800491,467683831,678311202,406986,29.15,5.4,105.7
14,37048,574735514,0,1743,0,4498220,367772757,524676418,250417,26.98,5.28,106.2
15,16287,618557923,0,408,0,5046959,406514148,578738415,319851,27.74,5.13,106.0
16,13757,643672259,311296,454,608,5168300,418835841,586357527,331920,27.98,5.11,105.6
17,114263,505412551,0,9727,0,3521294,366004853,469816428,274424,29.38,5.38,99.9
18,46696,606574926,57344,1010,112,4463985,404720725,565754399,278409,27.71,5.3,109.1
19,13567,502774063,0,2332,0,3993582,326989513,459504397,237148,26.08,5.17,102.4
20,7567,636354356,0,328,0,4656143,408470460,584943342,276526,24.58,5.08,102.2
21,4774,510280496,225280,422,440,3870083,320592659,480411244,254521,25.92,5.09,102.1
22,6848,447805424,0,619,0,3278455,294206575,388076492,169576,24.78,5.06,102.5
23,4497,526930217,57344,303,112,4271403,322488314,483782679,268995,26.33,5.02,102.5
24,14614,476571048,0,630,0,3360914,304191503,476137333,234050,25.47,5.1,109.1
25,106885,648081074,143360,1914,280,4876323,419503509,586597635,268248,26.45,5.49,103.8
26,208495,535003108,1314816,23831,2568,3910382,422282629,464008388,255498,34.77,6.12,103.2
27,41620,574109080,0,3003,0,4377861,372610306,524598870,287983,27.57,5.44,103.2
28,68581,712977513,24207360,1428,47280,5103525,480489555,643272168,337698,25.33,5.29,103.2
29,32982,435322922,1548288,586,3024,3326777,290332861,426208820,242067,28.86,5.2,103.4
30,13379,628331390,57344,550,112,4816428,395925707,611322523,328822,27.78,5.1,93.4
31,108188,686276558,569344,10927,1112,4935212,477009194,655224357,345164,28.66,5.4,93.3
32,103348,691009645,0,3713,0,5082368,492701381,656040623,320412,27.73,5.42,93.3
33,19931,611993645,172032,571,336,4755839,365198410,552992658,295122,27.13,5.2,93.3
34,44986,565970475,0,302,0,4334080,349224789,520109300,281676,26.62,5.14,93.2
35,7176,519723033,0,221,0,3849188,308980783,453847053,259187,25.74,5.04,93.2
36,6915,615552047,684032,508,1336,4746578,386200866,591055837,291209,27.22,5.09,101.9
37,4258,506346744,0,247,0,3915994,303689145,448767335,243978,25.79,5.02,132.3
38,10038,434275803,143360,129,280,2901341,266325770,406383921,186579,24.23,5.03,105.7
39,12036,439438693,0,155,0,3303706,262723998,393824680,188873,24.98,5.04,93.1
40,11855,650845405,0,113,0,4898523,409883994,560550371,279494,25.33,5.05,93.1
41,81384,502800064,339968,5937,664,3994096,342826091,432194185,210360,33.53,6.15,93.1
42,125984,441004032,0,6559,0,3947939,355502803,401981498,185526,34.23,5.84,93.1
43,37488,737264203,0,856,0,5412311,486620557,694804079,363371,26.22,5.28,93.1
44,10808,501060532,57344,1203,112,4442991,321894556,474295085,286995,29.95,5.28,93.0
45,99602,582709823,0,7684,0,3920325,409520636,519764022,274221,27.41,5.42,93.0
46,124628,775241980,454656,6563,888,6213535,516830326,632469518,336060,29.58,5.59,93.0
47,38750,635160408,0,1261,0,5099366,400916516,582716469,328497,29.02,5.32,93.0
48,92289,606827087,0,7252,0,4410809,456643724,542380383,261470,28.47,5.4,92.9
49,67721,771842955,57344,3532,112,6322760,502155951,686668315,396807,33.25,5.97,92.9
50,28418,407475224,0,2080,0,3519730,288885291,398368063,249207,35.2,5.82,92.9
51,123064,688345559,253952,6628,496,5528827,468899852,632592637,322132,32.26,5.9,92.8
52,110114,720267092,0,4722,0,6549488,513350360,625568341,361700,40.16,6.71,92.8
53,50720,456150519,0,1963,0,4038089,312716011,437840124,272990,34.42,5.8,92.7
54,163262,729454557,28672,5080,56,5977272,505647237,675466026,380527,37.86,6.45,92.7
55,132150,642605765,0,2284,0,5019823,420375693,541379572,338980,29.36,5.43,92.7
56,111767,647402307,1744896,9397,3408,4937490,462064188,576846410,288430,27.86,5.58,92.7
57,19488,494966985,0,999,0,3491735,315070938,432500482,217258,25.98,5.26,92.6
58,28502,552108881,57344,185,112,4280330,345802724,516998237,226961,26.86,5.49,92.6
59,109351,638005901,24473600,1555,47800,5238638,461450484,591049738,328154,40.27,6.66,92.6
60,58701,365113161,1818624,1820,3552,3116393,255535831,361362759,191614,39.55,5.68,92.7
61,150909,684263598,0,6501,0,5538264,459708880,583982195,332837,30.1,5.53,92.7
62,48725,650196418,0,1487,0,5200693,412183035,593864458,312051,28.3,5.4,99.1
63,12215,472437691,0,503,0,3664863,319355856,471089142,220088,25.58,5.21,110.1
64,8237,447769203,1761280,252,3440,3182709,282106118,390083145,202718,25.72,5.15,102.9
65,17671,554403071,774144,837,1512,4497581,372528006,539030104,285097,35.61,5.24,103.0
66,109835,661420542,0,7827,0,4739834,473647517,626368113,349673,28.33,5.41,111.3
67,35637,541430944,0,1570,0,3786653,365396147,461338498,224442,25.23,5.34,111.2
68,24195,655906461,0,341,0,4921481,414682763,602561705,319673,25.1,5.13,110.7
69,15292,440003533,1835008,662,3584,3226458,288496798,407092270,191134,28.36,5.24,103.2
70,13660,465801305,0,714,0,3693793,313744855,447891654,273885,31.56,5.19,102.7
71,124488,561728827,0,5831,0,3911325,385081183,519440606,264668,26.66,5.41,103.2
72,46484,635923919,0,1263,0,4657481,385324600,563211335,304202,28.17,5.31,103.2
73,9578,656576057,0,242,0,5342772,418969574,613046529,342200,28.42,5.11,103.7
74,65777,564110233,1990656,600,3888,4523016,350703788,513848709,296887,33.28,5.31,103.8
75,13077,401017234,0,331,0,3240933,277575335,382779387,210481,30.18,5.13,111.5
76,126234,845496143,0,8747,0,6708770,586307070,772834594,415535,29.62,5.38,103.6
77,47215,503302295,0,493,0,3835615,305001912,422408933,228655,26.53,5.32,103.6
78,17781,491022053,1560576,714,3048,3662383,308558959,444159587,244015,25.82,5.23,103.4
79,16262,598965570,143360,937,280,5166541,402513363,574780577,335927,35.54,5.12,109.9
80,7079,611593017,0,439,0,5007003,378079858,571070955,300607,27.0,5.1,109.4
81,147790,631886768,0,8989,0,4977166,454156432,585825954,302515,27.93,5.5,102.2
82,18133,383872385,0,1013,0,3003009,230393311,355958864,201805,29.45,5.28,101.7
83,22200,752681238,2019328,1228,3944,5761891,490344550,682830033,391667,32.59,5.29,101.7
84,22356,605061596,172032,635,336,4816401,399993204,550898380,355512,30.72,5.21,101.2
85,5525,558794456,0,255,0,4320302,371538661,516714528,270561,26.48,5.06,101.2
86,145606,723243633,0,7291,0,5521336,485881503,664718816,371867,28.96,5.44,101.1
87,22530,484970091,831488,719,1624,3670045,307685642,437486147,223134,25.26,5.3,100.6
88,24320,560855585,757760,847,1480,4506829,328565818,470394875,300352,33.44,5.32,119.8
89,16655,490641685,28672,191,56,3432341,313064053,433135764,212432,25.53,5.22,108.2
90,14064,551048089,24416256,292,47688,4328587,340259478,487961836,259067,27.09,5.14,107.6
91,135610,793406282,0,12163,0,6245505,545177731,742603795,462953,29.92,5.48,107.2
92,18278,413847021,1589248,1054,3104,3288870,260039567,401016725,211391,29.7,5.39,106.9
93,26859,624000062,430080,2216,840,4989856,427970227,578521694,368457,35.02,5.14,101.6
94,7800,587733808,28672,402,56,4538748,378369298,555793485,322101,26.76,5.14,109.1
95,48802,604877531,172032,1165,336,4796602,385130087,584027938,341399,27.92,5.1,108.5
96,128147,794311119,0,10632,0,6270978,535466615,739288411,399641,30.47,5.4,107.9
97,15358,268532795,1531904,1935,2992,1760550,170069935,251325287,113374,31.77,5.48,100.2
98,23800,755405706,0,1264,0,5900177,508829456,708174401,383487,27.78,5.17,100.4
99,3593,455325107,0,223,0,3714217,285820139,440543888,252442,29.55,5.05,100.5
100,12458,647654453,114688,355,224,5350674,420343226,608261943,338575,28.63,5.1,100.4
101,127856,658978528,1277952,10205,2496,5067011,445691862,533237767,257843,27.54,5.51,100.1
102,51739,668904319,712704,1443,1392,5708363,453854735,611276009,346173,35.31,5.43,100.0
103,18409,472257196,0,803,0,4063581,308316850,452558131,272883,29.06,5.11,105.7
104,22285,575949077,0,2256,0,4222048,353503411,524895395,252251,24.72,5.14,125.8
105,12172,571438907,172032,1084,336,4386899,354131118,539930422,297394,27.07,5.15,106.6
106,132885,528657632,1589248,9188,3104,3743459,373265393,474317283,210549,30.68,5.47,106.6
107,37886,618579156,0,1347,0,4776494,410047660,569804792,327030,32.8,5.32,106.0
108,15436,638070459,0,360,0,4991719,406520902,618952341,352694,28.25,5.17,106.2
109,2341,431052179,0,382,0,3464692,267576465,413723438,233961,27.57,5.07,106.3
110,6402,527558824,114688,273,224,4186196,343856059,497548396,268416,26.55,5.05,106.4
111,117099,716402494,1990656,8963,3888,5391726,515617450,688587065,405804,36.67,5.83,107.0
112,208255,667080683,0,3423,0,5423958,482224078,586581130,329729,31.2,5.49,127.9
113,28063,604995824,0,284,0,4762630,405890639,556281488,313594,24.52,5.19,106.2
114,17500,612295897,0,518,0,4472470,391532711,576770708,284982,25.68,5.19,131.0
115,16354,457942974,2191360,254,4280,3439506,286048867,407601412,172857,25.57,5.26,130.4
116,152206,716995992,2109440,8973,4120,5727744,519160847,661667729,373315,36.61,5.39,123.5
117,25854,652824927,3825664,660,7472,5090287,441417665,600031086,330764,30.07,5.42,113.1
118,20748,537827037,0,273,0,4221641,329410577,480994987,242719,26.52,5.16,104.0
119,353530,686821622,0,7311,0,5057736,525445153,642575600,304390,28.34,5.35,103.9
120,84752,439897463,26112000,3353,51000,3269643,282822895,409805942,199747,31.93,5.45,103.6
121,156599,499243184,860160,13125,1680,4285028,368734483,449274317,254836,33.96,5.45,122.7
122,41355,713497520,0,1405,0,5844733,470326243,666625073,394640,30.23,5.34,129.4
123,15669,605337511,0,312,0,5040697,394320235,565598617,321102,27.6,5.09,114.6
124,6140,478819871,0,222,0,3645860,284703658,445648267,230214,24.89,5.05,107.1
125,20824,469087155,1847296,1475,3608,3906972,309924678,449105141,231897,34.69,5.61,106.7
126,103638,747563214,0,11340,0,6505962,557864406,661014485,386177,40.31,6.55,98.8
127,109481,523324142,114688,2450,224,4647578,363600986,459677293,290081,35.83,5.93,117.3
128,34134,462480098,0,488,0,3900230,311935068,436367812,221152,26.25,5.17,107.1
129,10039,554257415,0,304,0,4197492,354734066,479501986,259360,24.28,5.12,106.7
130,15356,401505429,1028096,135,2008,2805078,256785943,372783853,171271,24.6,5.12,99.4
131,127346,683166844,114688,9204,224,5085844,438712124,584446720,341636,29.1,5.47,99.3
132,30620,650942350,0,350,0,5181198,401081249,578716849,333586,28.03,5.25,118.1
133,15215,455121225,0,407,0,3512176,278603312,410653877,208578,25.73,5.12,101.1
134,5934,561329324,0,256,0,4539655,357935583,523628248,287864,26.69,5.11,101.5
135,50146,569600847,483328,846,944,4662012,356615972,536674844,301063,26.45,5.1,109.1
136,128165,735193464,57344,7089,112,5599463,495174141,694347823,314713,28.98,5.37,109.0
137,27531,642183075,4595712,1218,8976,4923881,397407458,540953120,297729,28.1,5.43,114.2
138,14770,432216466,5984256,715,11688,3460557,297568156,367098970,216075,30.27,5.47,107.7
139,14355,520175319,5541888,554,10824,3880449,344339531,478447170,223337,27.21,5.37,107.3
140,19478,804764367,6025216,1289,11768,5916272,528523021,750049401,365094,27.41,5.35,106.8
141,104806,463977478,8347648,9476,16304,2820268,356899296,438035040,198877,25.57,5.61,116.4
142,49651,568986912,5656576,1543,11048,3792002,324573974,470200858,251137,28.92,5.52,105.1
143,13557,629335807,5783552,630,11296,4920532,424525042,586209200,322997,26.55,5.45,104.7
144,11463,444442029,5513216,572,10768,2876405,276760667,401114541,199328,25.18,5.42,105.0
145,6734,521814421,5971968,588,11664,3597535,335167671,469174423,216766,26.48,5.34,110.6
146,6762,650821172,5427200,1482,10600,5099075,416090160,599208315,333347,29.39,5.29,118.9
147,4703,544507751,6017024,1334,11752,4190387,361460483,490864815,290589,26.83,5.34,102.1
148,44349,645189155,5484544,1045,10712,4687160,404217754,596965810,274264,25.12,5.37,102.4
149,5433,540514364,5705728,567,11144,3865253,354426275,482373234,232021,26.71,5.27,102.5
150,7993,606681984,6705152,1622,13096,4534313,358945171,536075708,301371,27.22,5.38,110.2
151,8459,427030601,28225536,1301,55128,2879503,282645390,388955278,160092,24.26,5.32,109.6
152,6690,575285730,7016448,316,13704,4211792,378533586,520092433,282002,26.68,5.35,100.5
153,4813,593251265,5513216,260,10768,4110862,388464410,552310777,271478,27.49,5.29,107.1
154,40016,614460073,6983680,843,13640,4400058,391940588,564210589,286365,25.54,5.34,107.4
155,9506,529341791,5484544,975,10712,4105434,320631790,464849789,254989,26.5,5.39,120.1
156,14534,574292741,7122944,867,13912,3925161,374253907,472731686,230547,26.35,5.41,104.7
157,125069,614954789,5713920,5043,11160,5706060,415668172,539964804,321272,33.41,5.64,104.7
158,63296,836722925,6877184,1145,13432,6925423,571014251,786534962,464185,32.65,5.56,104.9
159,10033,620922909,5570560,382,10880,4866850,404936632,590626246,314699,27.44,5.36,105.2
160,4755,531871831,6160384,856,12032,3805131,348285190,480380399,247364,25.96,5.3,116.1
161,56399,511050265,11517952,1549,22496,3547842,368217787,474781008,219234,26.49,5.24,104.6
162,177601,675140470,0,3723,0,5708212,462038331,594979826,320788,28.1,5.54,104.9
163,34181,503745257,0,1720,0,3870442,319073777,430514292,236824,26.19,5.25,104.7
164,167028,568256976,0,5358,0,4491982,375813325,492194465,256387,27.4,5.43,116.7
165,29447,559590166,7237632,2289,14136,3751742,374535375,534700661,262723,25.68,5.54,116.2
166,11988,579677266,5988352,521,11696,4112972,360381914,517871438,254597,26.09,5.42,98.9
167,12611,615056590,5541888,733,10824,4475757,402765717,559474607,290612,28.34,5.33,98.9
168,9274,590164640,6041600,1010,11800,4262347,396558854,533570705,292306,27.57,5.39,99.5
169,157238,782481186,5644288,8491,11024,6339892,552232385,713247360,385934,31.41,5.59,121.1
170,16244,622623802,6438912,1990,12576,4628374,428553891,537283324,286023,30.12,5.47,107.6
171,11178,642248174,5455872,770,10656,5039870,410842487,604140770,340547,28.83,5.34,107.5
172,3573,389747182,5844992,79,11416,3126059,249543204,350587002,197225,30.45,5.3,101.3
173,5285,719623841,5627904,525,10992,5983666,454909657,652052441,384352,29.38,5.26,110.9
174,37661,819542343,5988352,623,11696,6590738,513582166,742094305,436974,31.36,5.3,119.7
175,11004,539671453,5582848,747,10904,4295052,348403180,490592961,260037,29.22,5.34,105.2
176,4691,435009343,5541888,251,10824,3441697,281205405,386267286,235364,29.3,5.27,98.0
177,9756,758308361,6234112,810,12176,6122476,515691543,687682921,407731,30.45,5.37,98.2
178,6830,635563423,6234112,403,12176,5043568,422894214,591621400,321961,29.44,5.32,117.8
179,3772,460100440,6766592,315,13216,3208160,315658489,410121572,181087,25.21,5.34,117.1
180,4859,521986523,5804032,307,11336,3867124,332558366,485327261,247118,27.0,5.21,103.6
181,9767,754718124,6955008,1603,13584,5776294,474759236,703300634,372448,26.83,5.39,103.2
182,7856,551406351,28528640,1292,55720,4014294,363107630,527055931,246842,26.31,5.33,110.2
183,4915,479628524,6840320,1394,13360,3535541,312439162,465326119,215887,25.79,5.36,122.8
184,4853,550897562,5541888,1219,10824,4253362,379092434,527035852,258659,27.46,5.33,110.2
185,4372,711034690,6860800,1578,13400,5589505,481638036,671862897,381905,30.86,5.35,109.9
186,2539,367715214,5513216,369,10768,2765052,226951362,324392176,190492,28.73,5.29,100.3
187,7764,802455741,5603328,623,10944,5784570,476767733,696034094,411007,26.83,5.32,105.7
188,8864,574605753,2977792,496,5816,4137501,378841408,526012103,257553,26.7,5.22,130.5
189,4516,512728841,0,422,0,3798472,320926827,477346469,246087,25.89,5.06,130.4
190,7703,489488611,143360,973,280,3477895,314255301,464545009,245561,25.57,5.1,105.4
191,153739,631104475,28672,8505,56,4340682,431487548,605435420,298902,28.07,5.34,98.0
192,22058,543696983,19066880,1075,37240,4321033,346468611,496840734,260599,30.48,5.51,98.0
193,21481,782341944,5787648,3624,11304,5588668,527292808,661639781,363066,25.43,5.45,103.2
194,58193,602708307,5541888,1049,10824,4513655,379892431,535439332,274660,27.66,5.38,103.5
195,23730,592534288,5787648,1350,11304,4261496,379982526,544138662,290681,28.26,5.35,103.5
196,164768,664316915,5541888,10622,10824,4876799,512329537,647514835,280050,29.99,5.65,103.5
197,17186,601636223,6135808,2293,11984,4249340,389798862,542884590,295772,28.37,5.54,103.3
198,14629,644395169,5595136,1602,10928,5156154,431648349,599603865,312988,28.62,5.44,103.4
199,7253,588371615,5763072,755,11256,4328980,394721782,547028794,304947,28.06,5.31,103.9
200,6100,495671172,5652480,352,11040,3207329,324005739,442806299,201779,24.98,5.31,112.6
201,5272,596980242,5427200,363,10600,4543927,378250967,549225624,302277,27.83,5.27,104.7
202,10468,532134315,5783552,521,11296,3904223,334371636,495218168,231300,26.91,5.3,105.1
203,14580,801838440,4543488,816,8874,5806502,932889681,776492956,475564,34.2,5.47,104.7
204,6836,809332723,5427200,870,10600,6569063,563949230,754836774,454196,29.82,5.31,104.7
205,6169,557451577,7041024,635,13752,3970252,357078381,496155266,264234,28.31,5.35,111.2
206,7789,672527311,5455872,1530,10656,5159942,422444469,621471109,341373,28.93,5.31,100.5
207,5313,592864810,7086080,623,13840,4317729,405931152,528521312,277106,27.78,5.3,100.6
208,5031,533226790,5513216,659,10768,4012141,331694933,453715714,277390,26.31,5.28,109.3
209,4065,594656052,6901760,1575,13480,4244768,386898030,548978614,274168,27.25,5.31,109.0
210,4632,582329657,5509120,826,10760,4458078,362710740,504779894,286091,28.36,5.26,101.0
211,6650,593509321,6656000,411,13000,4409598,393118393,531947461,299032,26.86,5.31,100.9
212,12380,591214088,27852800,8878,54400,4706134,396651924,540018274,327130,31.01,5.39,106.5
213,9226,692668091,7360512,782,14376,5386200,465083664,637483742,374449,31.42,5.4,101.3
214,40465,598633442,5427200,735,10600,4926078,404840302,578254054,331193,29.57,5.34,101.4
215,8885,565603411,6565888,1262,12824,4118872,396324297,523245327,258515,26.94,5.38,101.6
216,75376,533858714,1449984,1361,2832,4246816,365668830,496046438,274701,36.81,6.38,101.5
217,113059,543935855,143360,5629,280,4543877,431997871,527372356,278124,38.21,6.48,101.7
218,96324,627007890,172032,832,336,4916250,441569769,601306759,306998,28.64,5.41,101.7
219,13824,452856164,0,251,0,3229265,287222130,407214904,213076,26.95,5.07,112.1
220,10738,537990061,0,133,0,4103527,330149679,480011514,265687,25.31,5.06,112.6
221,9781,601828637,483328,438,944,4446938,380692009,554455474,273305,24.69,5.1,112.3
222,145410,703188458,28672,5709,56,5317945,496921246,668972889,378193,30.4,5.52,100.2
223,25332,532474580,13205504,686,25792,4081531,367355481,503550783,262914,25.95,5.27,100.3
224,13845,411062615,0,775,0,3011150,256088259,381601003,194466,23.86,5.16,100.7
225,5443,468248529,0,273,0,3648734,296211507,468435115,241772,27.01,5.03,101.2
226,6117,543018703,827392,620,1616,4221875,349780649,522513743,272978,25.42,5.1,101.7
227,140632,567788845,0,7021,0,4079928,408298195,496975554,197382,26.48,5.6,101.9
228,97503,578574613,45903872,6619,89656,4496070,365380824,504542854,279051,36.99,6.53,102.0
229,78978,544456776,0,2988,0,4233063,370227065,514153644,261724,25.82,5.35,102.3
230,21997,561270895,0,628,0,3917457,365883478,536611289,246413,24.95,5.32,107.9
231,13670,441465104,401408,750,784,3108171,266374015,395253459,183188,25.48,5.19,108.1
232,143154,722763567,831488,7701,1624,5376822,488807736,651069982,332636,28.63,5.61,108.6
233,114482,520966328,44662784,7157,87232,3746594,345127334,419339231,240111,37.83,6.57,108.6
234,59570,469895183,0,4485,0,3905092,314678769,456196791,272702,28.3,5.27,108.8
235,53360,643250476,0,599,0,4519745,418236421,561786645,294416,24.91,5.18,109.4
236,7228,569835624,0,734,0,4333052,317979618,483287314,259795,27.49,5.14,109.3
237,129804,549089048,1388544,12063,2712,4194366,394846133,504250531,269059,30.63,5.67,109.3
238,135236,554935647,45088768,3693,88064,4473759,369584729,478879067,217547,36.17,6.45,109.5
239,81917,504881331,0,363,0,3857974,316193514,464486951,221814,26.42,5.23,109.7
240,6281,506081060,0,257,0,3820095,313236993,471857096,239651,26.8,5.13,109.6
241,6965,643629126,0,405,0,5135633,408226637,615958724,342859,27.82,5.14,104.0
242,171945,655518610,16105472,9787,31456,4956154,437086531,568392972,294525,30.9,6.06,103.5
243,301273,711310281,53813248,11550,105104,5110259,515958535,599443809,310646,36.47,6.29,103.6
244,46629,570170473,0,795,0,4136085,389044451,548897940,276250,25.7,5.32,103.5
245,16587,545875531,0,516,0,4057105,342749902,492832970,236056,26.81,5.23,103.2
246,6676,577218176,0,276,0,4338076,349808043,531147612,305594,27.13,5.1,103.1
247,179827,659080075,1445888,9100,2824,4921944,473724851,596169164,329764,33.2,5.97,110.1
248,157058,421474688,51306496,2967,100208,3571518,298315265,385902902,224189,35.98,6.33,109.8
249,67623,536685943,0,496,0,4107740,352890078,474827287,255318,26.9,5.25,109.3
250,14751,586812534,512000,601,1000,4575293,367063033,528722136,303865,26.11,5.22,104.1
251,12935,662115748,0,263,0,4956343,415052829,596558769,325068,26.07,5.1,98.4
252,180858,652951701,16265216,11147,31768,4843129,469806931,629256740,355053,34.11,6.17,98.6
253,100315,316980935,31723520,6346,61960,3001220,211709186,276175477,186206,34.47,6.01,99.0
254,36604,753192652,0,863,0,6395778,483857268,715416509,426694,28.19,5.3,108.2
255,13630,586665587,0,908,0,4668799,373077215,552709220,288280,28.75,5.2,108.2
256,7045,487412885,0,368,0,3729692,305438018,470240193,226653,24.77,5.17,101.4
257,176305,640967081,30998528,10817,60544,4176815,455990718,625798592,340434,35.63,6.44,106.5
258,162258,539944285,15036416,3179,29368,4374813,380907009,456672931,257531,30.07,5.71,111.7
259,12878,465109420,0,535,0,3236983,294740652,433535828,212717,24.89,5.23,111.1
260,12007,560212449,0,1002,0,3907602,325791824,460089146,249012,25.09,5.16,111.1
261,6194,486205677,0,385,0,3640447,298022890,449687729,227586,26.29,5.1,110.9
262,183485,517796876,31105024,9084,60752,4471387,360446822,465532544,262317,38.07,6.55,101.9
263,169912,660782066,14872576,4136,29048,6005837,430283638,602151783,383709,31.53,5.61,102.2
264,16953,474703640,0,190,0,3535477,272449242,401807583,196228,24.81,5.25,102.3
265,10436,403098717,0,370,0,2905828,256202325,394737615,195405,25.05,5.1,113.4
266,12809,551201381,258048,468,504,4198933,334386574,529709731,293620,25.84,5.15,113.7
267,244237,684706868,45891584,14895,89632,4663390,497951447,632633515,302115,36.57,6.62,105.1
268,106612,475502964,0,2161,0,3736234,340937084,442896180,246713,31.54,5.58,105.3
269,18217,603031682,0,370,0,4699233,386015858,576212685,336449,25.51,5.2,105.6
270,16230,550579866,0,170,0,4286726,347298014,510766824,282028,26.59,5.12,105.4
271,8932,641413855,0,221,0,4832467,405396925,596579917,326293,25.09,5.12,105.1
272,156609,404376242,46297088,13634,90424,2749970,294493568,380777559,187958,37.24,6.68,105.2
273,141198,598802013,0,2111,0,4807353,389107932,535593821,308288,27.23,5.45,105.5
274,16852,571891887,22683648,605,44304,4149396,358388905,539996976,241403,24.43,5.28,105.4
275,19123,565084745,0,526,0,4334560,331963369,506003020,289685,25.98,5.17,112.1
276,8560,433879096,0,280,0,3187041,280439950,429227772,213078,25.2,5.22,111.8
277,267700,569615712,46510080,15353,90840,3975048,371502763,453374076,237888,37.36,6.53,111.5
278,122387,612319997,0,1168,0,4720089,391897304,538479156,320521,28.47,5.44,111.3
279,8058,462904368,0,355,0,3234603,283461377,413438797,226703,25.1,5.14,130.8
280,5967,499959942,0,277,0,3945053,299486796,458729074,256298,26.56,5.08,118.4
281,19424,666349229,1417216,5294,2768,5134485,414587936,633191982,341051,26.06,5.42,99.9
282,213612,652969899,44937216,14114,87768,5248910,484727547,588524134,329915,38.13,6.52,100.1
283,94917,493203762,0,1087,0,3754046,302836701,386349734,210595,25.83,5.42,99.9
284,12526,445937200,1490944,635,2912,3234638,290948940,439479418,177109,26.25,5.3,100.5
285,312994,1172585227,8675328,22376,16944,7125012,949316963,933028345,1548717,36.9,6.22,106.5
286,136294,797873329,2093056,2025,4088,6392642,533610457,741106923,436865,30.42,5.67,99.2
287,257596,506236083,44589056,7847,87088,3429144,363901455,469049334,237336,36.31,6.41,99.2
288,80265,649584051,0,1071,0,4830388,440976735,648705857,348006,28.83,5.28,99.6
289,14400,507651760,0,142,0,3929225,295380206,454489828,267968,25.41,5.16,99.9
290,17447,647907690,18841600,2231,36800,4679961,443929072,639354167,314559,24.95,5.26,112.0
291,120775,579110894,1732608,4176,3384,4422539,412805649,548262830,270441,29.62,5.53,112.3
292,184983,547299933,44560384,9738,87032,4741423,412218907,519363810,304185,37.34,6.52,98.9
293,59569,572717963,0,1424,0,4905594,383724287,509414907,297675,28.36,5.38,98.7
294,10524,482007243,0,326,0,3725895,314740823,443109492,235473,25.89,5.2,104.3
295,46403,516922776,0,1144,0,3946116,330621118,502184892,269442,25.48,5.1,118.7
296,6071,445990942,1388544,514,2712,3170206,281650686,381211762,194423,27.96,5.56,118.5
297,206775,700202000,44646400,29635,87200,5400563,502204844,639903451,330557,40.2,6.89,100.8
298,141397,657058500,0,4357,0,5433252,463186796,556633827,326534,40.06,6.53,100.5
299,37349,369897903,57344,5247,112,3371170,257723841,339289884,231229,40.12,6.48,112.3
300,94255,565117537,143360,1423,280,4695777,422776430,537879832,321612,36.75,6.23,118.6
301,93220,578383937,0,1735,0,4726157,376389735,535481793,294181,27.13,5.16,109.8
302,130737,715031451,827392,12062,1616,5567124,511965552,665925339,337849,29.63,5.45,100.2
303,30304,590520005,0,1186,0,4167107,372802021,520710713,301897,29.11,5.23,100.7
304,8155,737831704,0,328,0,6117788,481263951,709132933,419518,29.5,5.07,105.8
305,10824,535506472,24084480,326,47040,4050479,333419236,483534831,267963,27.02,5.09,124.2
306,4390,422945870,0,165,0,3465599,258032153,394413489,235455,28.72,5.05,109.3
307,120897,841630593,483328,6596,944,6189246,571013852,760828883,393189,27.02,5.38,101.9
308,33252,442996421,0,2032,0,3758005,281027786,403554220,255474,30.73,5.28,101.9
309,22959,627693386,0,437,0,5015683,398497647,536927999,291524,26.69,5.12,102.5
310,8808,465155305,2297856,334,4488,3535399,298981123,417523595,207027,26.47,5.41,127.1
311,140175,626669385,44896256,5581,87688,4699071,394323985,525838966,262874,36.19,6.33,107.9
312,46641,412461164,0,650,0,3389516,257706793,350490605,235541,29.49,5.56,107.3
313,179918,682766296,0,11756,0,5182911,453934623,598098064,342679,26.72,5.38,99.7
314,61291,722188000,0,682,0,4865383,472724713,695156097,348119,24.75,5.17,108.5
315,14009,551665859,4669440,1347,9120,4058841,342224413,519242397,278095,28.73,5.63,126.0
316,115976,476306557,44589056,5719,87088,3738108,332098137,458697408,240467,33.98,6.13,111.2
317,200444,693373375,0,13054,0,5423004,489495011,632810751,332123,29.91,5.62,101.6
318,92379,555215951,0,2158,0,4084540,366708856,516598108,246555,25.72,5.44,102.0
319,22482,610155525,0,712,0,4447796,371663790,557218535,315978,27.55,5.1,102.3
320,16016,559730725,2519040,1252,4920,4318266,353659925,515880410,264223,29.1,5.57,126.0
321,84207,387329444,44531712,5028,86976,3343994,245190527,339067017,214800,36.55,6.27,101.6
322,72816,583388836,1118208,980,2184,4630198,386246029,535261279,286650,26.55,5.52,100.9
323,163380,693349535,0,8603,0,4963619,462483398,568622983,266848,27.09,5.39,100.9
324,12027,521023836,0,562,0,4319910,307807796,469598518,263341,28.3,5.14,112.4
325,13625,649837045,2461696,839,4808,4701196,408949535,606533916,314233,27.47,5.63,126.1
326,135313,472781063,44449792,3648,86816,3772605,313955251,438591071,200878,33.26,6.11,103.6
327,26131,417961782,0,301,0,2972829,261037370,382219845,163890,26.07,5.59,97.5
328,165518,521325189,0,8702,0,3386590,378462279,469902337,221682,25.58,5.32,97.9
329,45567,625368614,0,489,0,4598803,416838328,574316856,276350,27.03,5.11,108.0
330,9495,578011482,2547712,746,4976,4692953,360266789,540027136,320637,33.87,5.82,122.7
331,98848,488279564,44531712,6770,86976,4031473,351861636,472379857,246466,31.24,5.91,106.5
332,28092,469703933,0,229,0,3569477,301417424,451463876,235764,25.84,5.38,105.9
333,182764,836752239,0,8744,0,6048714,558480304,698169379,356732,28.2,5.4,105.3
334,48966,535773449,0,359,0,3993286,340449244,494555502,262665,26.92,5.17,105.6
335,46547,527911239,40882176,4351,79848,3985750,337918201,497464770,246476,32.44,6.19,119.7
336,146520,461857033,29659136,4894,57928,3664093,296853735,425611362,244472,28.84,5.65,99.7
337,18936,486405572,0,3136,0,3512009,296422604,436446236,212458,27.36,5.46,99.8
338,143661,764494215,0,14996,0,5868757,535392294,713857693,377170,27.77,5.3,99.9
339,20992,484944548,0,721,0,3483140,306029423,428090137,212678,24.47,5.16,112.8
340,47787,449314541,32100352,1411,62696,2950574,264595347,405071348,207167,35.07,6.38,117.9
341,82701,631490731,14983168,4709,29264,5179053,421071995,605913954,337264,29.36,5.49,101.1
342,12478,509277828,0,315,0,3752767,321171239,498435820,272433,26.4,5.51,101.0
343,172951,595774027,0,5937,0,4799109,418066030,542764255,275551,27.16,5.34,101.0
344,11047,398745529,0,723,0,2894451,253886226,373541447,192729,25.48,5.09,115.3
345,62206,662393234,32100352,1192,62696,5407283,440127147,620516699,368234,37.34,6.41,115.3
346,126886,570257569,17018880,3877,33240,4778230,391250098,500297857,303807,29.48,5.45,99.4
347,18349,560896861,0,2698,0,4493385,359678066,531762057,300238,27.3,5.4,114.6
348,124504,635019388,0,4711,0,4974835,410873886,537847464,301636,27.29,5.28,114.8
349,11235,461076770,0,625,0,3753560,289119319,445390934,234896,24.91,5.2,121.1
350,94468,600415406,32206848,1519,62904,4876257,372525365,536465485,331248,37.47,6.38,112.0
351,121986,454079922,14901248,1614,29104,3338718,291399928,434724646,231477,25.75,5.43,104.6
352,113786,635151893,0,12050,0,4366084,442103351,620050676,323449,28.09,5.46,104.0
353,56178,502411449,0,5096,0,3454716,333957896,415110505,193983,26.7,5.34,103.4
354,13523,636408954,0,626,0,5181918,421399216,577618653,351469,28.13,5.18,122.8
355,107748,484288155,32235520,1025,62960,3849078,312956651,433337592,252512,38.41,6.48,115.9
356,82985,680163684,15273984,8477,29832,5575504,481471849,633811924,363454,26.96,5.42,103.2
357,16913,463570692,0,239,0,3485195,288505280,417160775,203225,28.93,5.41,102.9
358,149286,743783268,0,11690,0,5491155,538990930,716084356,364173,27.46,5.29,102.3
359,28492,616091143,0,761,0,4785054,378079500,533270406,271244,27.98,5.2,119.8
360,74948,495372628,47079424,2011,91952,3715080,327735198,417352569,235352,35.18,6.39,131.2
361,102379,372447292,0,399,0,2690404,230948386,291504385,146360,25.6,5.36,131.1
362,12377,527862399,0,366,0,3934334,305440534,464354084,254964,27.46,5.43,131.1
363,154347,629804982,0,12228,0,4608668,430743771,546451679,276011,26.2,5.28,114.8
364,19912,750721503,716800,454,1400,5705305,472723523,695113933,360961,26.43,5.34,108.0
365,56482,350254223,46481408,2924,90784,2929445,227004855,297932140,164151,39.37,6.68,107.6
366,197900,533370084,22937600,10141,44800,4476647,399784196,459671095,283072,40.16,6.6,107.8
367,102592,587039918,0,3294,0,5202292,416990502,531489323,331459,40.33,6.64,102.7
368,184652,725120734,0,5180,0,5779696,534057179,633494952,375085,38.82,6.41,103.2
369,121659,597835865,143360,6094,280,4888499,391353556,532514245,300796,28.73,5.35,103.3
370,10494,414679853,913408,557,1784,3373306,251095178,393831715,206769,24.61,5.16,109.6
371,10643,539046023,0,510,0,3958717,318230113,490196386,269214,25.78,5.1,109.5
372,6626,478735013,0,299,0,3509740,300197646,454708613,251686,27.0,5.33,99.9
373,160004,548905321,0,10407,0,3546822,404431801,474923543,234708,26.02,5.25,117.0
374,13029,670305980,0,509,0,5262042,423222216,592671520,341362,26.83,5.14,116.4
375,103171,574006694,0,1053,0,3947372,473076065,531338463,200936,26.2,5.29,108.8
376,14324,660916320,1658880,566,3240,5282410,405580468,611697748,350299,27.04,5.18,100.7
377,102354,647107371,0,10085,0,4556980,503267280,572238366,308813,32.3,6.26,100.5
378,592331,1562804871,28672,54313,56,15062088,1563060487,1499798153,882765,39.66,6.84,121.1
379,1264177,1621517771,1961984,106476,3832,10847082,1607362468,1493017798,734793,40.34,7.0,105.7
380,1459211,2127351888,5410816,209601,10568,12385463,2294593659,2039480466,1151204,40.25,6.9,111.2
381,612380,911908968,655360,45268,1280,6441139,764857268,880366719,527659,40.17,7.07,101.8
382,1588537,2403333211,2035712,158454,3976,13589503,2267550738,2270858914,1199094,40.18,7.04,101.8
383,1419319,2021889530,0,107476,0,11425961,1904343081,1855345233,978807,40.17,7.06,121.9
384,1026256,1377588249,0,114350,0,8980715,1355500646,1304843197,604122,40.18,7.09,112.6
385,1563015,1892360245,8499200,88065,16600,9993241,2382727229,1776362900,698902,40.24,6.93,100.8
386,1141142,1499569963,0,62661,0,5465110,1909163567,1441320817,454945,40.14,6.63,109.5
387,1611638,1982505998,28672,144300,56,10257284,2070265456,1941184932,1005198,40.14,7.09,100.7
388,1083379,1390717633,0,181883,0,7529487,1342132067,1315964740,775105,40.08,7.15,119.4
389,2246641,1540094349,0,395391,0,10043060,1618691336,1485825141,868333,36.39,6.34,104.9
390,625381,1035751727,32223232,96453,62936,9038511,691184839,982053476,689851,36.34,5.74,104.5
391,73189,1226159690,1417216,3825,2768,10437622,903411892,1164057430,727167,39.52,5.39,104.3
392,25711,829129434,0,2136,0,8055771,531318593,781420366,589162,35.25,5.52,104.4
393,202841,1019094283,0,16748,0,9539703,694546795,975684397,656253,33.85,5.53,126.6
394,45768,539671597,0,1800,0,4671377,333435191,501598969,362780,33.11,5.25,101.4
395,73767,964011079,0,11530,0,8976545,655757523,912238949,668476,34.01,5.55,101.7
396,71113,898012297,1761280,3065,3440,8294122,552043759,832373062,588963,37.76,5.31,102.1
397,69499,951691195,19542016,1538,38168,8698305,666547920,910133307,643051,34.98,5.6,102.1
398,167057,1028290812,0,10821,0,9245721,695959393,964743944,637210,33.96,5.4,121.7
399,54456,919386743,0,2763,0,8351491,584774671,839395342,616916,33.68,5.33,101.8
400,108696,835801653,0,1183,0,8068209,521516825,779125707,582534,33.44,5.36,102.3
401,22637,467885513,1531904,925,2992,4472207,290589831,456350381,317343,37.07,5.21,102.4
402,23202,879594877,0,958,0,8339079,566012616,852324619,610279,34.97,5.43,102.3
403,176201,938020548,0,9192,0,8332519,618169810,846815303,591520,33.92,5.36,124.7
404,36699,881381297,0,1827,0,8264881,539317671,786839296,582325,32.42,5.23,103.0
405,42001,842274267,1331200,7383,2600,7626238,533803388,813792225,575414,35.73,5.37,103.5
406,44969,884576867,401408,3570,784,8560757,576205156,855439281,622395,36.13,5.21,103.0
407,10364,827393769,2781184,2228,5432,7758944,525625709,783597326,576699,33.58,5.42,103.6
408,142085,992906717,0,16847,0,8853734,680165921,931078509,604861,34.23,5.4,124.9
409,35527,930512957,0,1742,0,8650229,592362191,828456753,606789,33.35,5.15,105.2
410,16013,822897029,1417216,1777,2768,7760749,514221620,783878063,569391,37.15,5.17,105.1
411,13240,838789663,86016,2863,168,8218266,549436924,803590680,595502,36.58,5.68,104.8
412,356461,656123324,0,12732,0,5422683,523547216,637092854,367031,34.31,5.87,105.0
413,401555,1130330154,0,21551,0,9769340,862632074,1039934639,664719,34.48,5.35,120.6
414,38179,920458019,0,1621,0,8480109,578323740,830194681,575511,32.29,5.17,101.6
415,75480,837034497,1990656,2084,3888,7785906,516068466,791061797,564874,37.97,5.22,102.0
416,28941,857757555,143360,1077,280,8181439,561694836,803332503,603043,34.14,5.12,102.6
417,21169,839935054,57344,759,112,7921984,538829053,803050670,601520,34.21,5.49,110.1
418,185357,982774328,0,10063,0,8586802,660817366,928607766,658574,33.88,5.43,123.9
419,26056,874417263,0,1217,0,7898087,565356670,837401305,588825,33.65,5.18,100.5
420,29571,898347775,1388544,2856,2712,8348988,581304978,870365881,614257,38.41,5.27,109.9
421,15277,491639929,0,799,0,4835404,317496630,468440632,354349,33.03,5.3,109.3
422,135910,989764654,0,5648,0,9137867,665735732,958160155,672866,34.91,5.48,109.4
423,184505,981940490,0,9817,0,8638287,629182725,897079532,661542,34.8,5.31,109.8
424,34066,919312015,0,977,0,8288640,585140798,865231125,630829,33.02,5.23,101.0
425,27427,853375843,1646592,1170,3216,7881230,540392355,809209031,586845,38.68,5.17,101.5
426,33556,883139604,0,291,0,8452109,554296716,832997388,611072,33.17,5.13,101.6
427,122157,947361914,0,7482,0,8286214,613265189,865670005,592697,34.55,5.38,112.8
428,42453,437361858,18448384,6224,36032,4122970,277406271,408958545,307268,34.14,5.36,131.6
429,51335,949956546,0,953,0,9004544,591399641,885630572,642364,33.17,5.26,131.5
430,26462,853746156,1503232,1779,2936,7998686,536559037,815744866,577056,37.11,5.18,131.2
431,22989,890672489,0,5176,0,8530633,575071002,840971421,617252,33.79,5.2,124.7
432,16952,856885655,0,2403,0,8150213,550080541,811469076,587230,34.15,5.43,101.1
433,168956,966032114,0,17389,0,8784851,639109568,891205844,609108,33.8,5.31,101.1
434,12978,877516946,1388544,8491,2712,8418089,555486907,845518418,596952,35.0,5.34,101.0
435,86632,440247017,430080,897,840,4120792,277397562,424963843,291149,36.25,5.15,101.2
436,34730,946671480,0,2711,0,8938805,598341164,909351051,646160,33.13,5.16,101.5
437,16228,877456292,0,952,0,8312466,545855199,830339448,609039,34.2,5.42,101.7
438,187936,956647306,630784,21138,1232,8505412,649055274,912197259,656480,35.23,5.46,101.9
439,47773,931068115,1474560,1369,2880,8787197,597932679,894328550,635334,37.69,5.31,101.9
440,39013,857692194,0,2483,0,8264638,549296056,815846763,615550,35.82,5.16,127.2
441,23556,825845943,0,326,0,7666199,539907853,796302936,557657,33.37,5.1,127.7
442,15314,871164051,0,1970,0,8117127,549371654,837627216,612207,34.64,5.5,128.3
443,174375,1015379182,0,13319,0,9022544,663228060,942568747,638698,33.43,5.39,128.8
444,24625,542916625,1818624,710,3552,4838463,330435783,496397455,332129,36.9,5.51,129.3
445,404151,1082167655,0,29908,0,9655824,780159010,991843619,684691,36.49,6.06,129.7
446,381597,674352328,0,22732,0,5712637,587706788,660430964,395253,34.56,5.83,130.1
447,469266,1181038185,0,17352,0,10418677,877300282,1114639006,743678,35.42,5.5,130.5
448,203804,979678784,57344,8013,112,9005778,677019958,930633209,650381,33.62,5.35,130.7
449,41240,953381066,1417216,1751,2768,8941605,609589076,904100452,652814,38.58,5.18,130.8
450,45850,901952335,114688,4765,224,8652120,587358706,859072292,649957,40.17,6.17,131.1
451,50799,480518293,0,723,0,4595505,309778390,459492391,338570,39.18,6.22,131.3
452,73895,947170133,172032,3574,336,9160514,608382587,889687126,662696,38.31,6.1,118.3
453,222473,1047571036,57344,6766,112,9471644,711173207,992904846,700285,33.64,5.39,127.4
454,114404,947457991,778240,697,1520,8828796,597735566,894903131,614563,34.0,5.3,127.4
455,30432,430711716,0,352,0,3922889,270450345,422469300,293453,32.46,5.13,116.2
456,23980,832118395,0,694,0,7676198,518891305,786884607,576382,32.88,5.12,116.2
457,159152,1335636184,0,17077,0,11803230,891839381,1230669350,880509,34.19,5.44,116.4
458,104215,859010207,18305024,4618,35752,8325149,532726766,803986682,589532,33.95,5.55,122.5
459,43585,513991418,1142784,887,2232,5072665,322522038,490449116,360319,33.08,5.27,122.6
460,26730,865117789,0,1019,0,8064425,544635076,833127964,585795,33.07,5.13,122.0
461,16131,839096825,0,564,0,7900951,524612630,792308516,572752,33.06,5.11,116.2
462,14831,844013803,1503232,1029,2936,7834548,525072943,790384887,579953,36.41,5.5,116.1
463,212171,924388365,0,8371,0,8744434,613969282,848265519,594535,38.53,5.37,121.4
464,47444,890668390,0,1951,0,8704276,564822891,820624079,601401,33.19,5.09,120.8
465,21562,799112908,0,948,0,7428045,499906093,755480914,522268,31.85,5.13,120.7
466,22652,781142250,0,1264,0,7257916,477552574,709168362,499789,32.3,5.08,120.2
467,11597,774458763,1380352,1701,2696,7230403,478672198,726159074,515416,33.13,5.44,119.7
468,203737,860162607,2048000,6352,4000,7139979,601721185,803729359,568868,40.28,5.42,126.3
469,46108,926714221,0,2064,0,8617682,612045932,897027033,632286,35.09,5.17,118.1
470,17744,827206915,0,1009,0,7661255,530170007,792552210,559490,32.7,5.15,118.1
471,35889,832720660,0,1699,0,7719399,529933778,780537573,564661,32.87,5.21,118.1
472,162663,974261498,0,5039,0,8887123,659062791,905355070,607547,34.7,5.45,117.7
473,52959,477172284,2560000,662,5000,4369012,302227623,445909038,323298,37.24,5.44,125.8
474,59587,942897129,0,3449,0,9071352,606477282,895166063,673960,36.72,5.26,116.2
475,73188,849551491,0,1543,0,7954196,536097223,795277266,596677,33.14,5.17,121.9
476,13266,835247939,0,1118,0,7754161,524240300,785988593,574251,32.99,5.1,121.4
477,13764,798637403,0,734,0,7366424,501998333,767839534,543957,33.8,5.37,115.3
478,155291,952595689,1900544,13821,3712,8698861,634988818,874392697,613982,36.55,5.41,126.8
479,66036,879694439,0,1144,0,8810718,552385848,838346106,612976,39.73,5.13,116.7
480,11624,445786691,0,261,0,4204964,291516577,432464221,313230,33.01,5.12,116.8
481,29435,1217084765,0,1902,0,11280909,764020911,1166436382,818487,33.05,5.12,116.8
482,15468,456948141,0,666,0,4258233,284916524,445837632,305803,35.32,5.38,116.7
483,180303,1022279584,1536000,12134,3000,9372128,702038600,952538741,661380,34.3,5.41,123.6
484,38456,896768017,335872,2634,656,8632068,576059267,853383261,637125,40.02,5.17,118.4
485,19667,808699121,0,1079,0,7673759,524089459,774359385,570792,32.88,5.15,118.6
486,19268,810135564,0,738,0,7492188,504378139,764456107,545423,32.37,5.15,118.5
487,19267,816590230,0,1119,0,7641153,506461682,770027251,540061,33.8,5.43,118.2
488,119959,933435774,114688,19046,224,8388428,623982896,839013115,573888,34.87,5.45,118.7
489,54796,913796894,19935232,1333,38936,8576852,592092490,819166126,608163,40.25,5.15,118.1
490,30317,437128726,0,636,0,4284207,284787590,418877609,311309,35.81,5.19,118.2
491,30236,853374297,0,573,0,8026003,539867080,801396727,590341,33.02,5.09,118.2
492,14454,842696606,0,3390,0,7885638,535569176,800245869,564776,34.67,5.55,118.7
493,201781,951279929,0,11100,0,8347006,649346069,899184461,613768,33.55,5.33,119.0
494,42155,936201211,2617344,3103,5112,8384352,607137260,886632291,634566,38.09,5.35,118.8
495,61564,863408979,0,9170,0,8188338,572265270,816005027,631312,37.01,5.27,118.6
496,33640,826401061,0,494,0,7974659,518147569,769063310,570274,33.18,5.21,118.4
497,17047,802633576,0,1028,0,7496269,494757966,750840898,540718,34.37,5.48,118.8
498,166562,932070753,0,9304,0,8464925,584805675,818871987,607974,34.53,5.38,118.5
499,37218,900383911,2760704,21996,5392,8560931,570519189,818337530,593130,36.59,5.23,118.2
500,39144,850170051,0,1079,0,7227994,553081685,827171143,601573,38.81,5.16,118.4
501,22058,795121273,0,509,0,7450337,509165023,773946395,554114,32.12,5.1,118.7
502,30396,867234957,0,4233,0,7835738,565366303,831443669,571730,33.98,5.57,126.0
503,143466,571376221,0,12034,0,4990229,402351897,498526020,312695,33.2,5.3,117.5
504,40140,865775720,1957888,3025,3824,8283878,542582845,796276535,574372,34.17,5.26,117.2
505,43205,852858942,0,3684,0,7937899,528043631,799535322,578888,40.18,5.12,117.2
506,27259,800123838,0,459,0,7701110,517470820,752862528,563307,32.71,5.11,117.0
507,18131,783239474,0,12646,0,7035371,527307831,752122441,534530,35.49,5.51,129.4
508,183428,880511310,0,11353,0,8194129,595611368,813946975,573182,33.95,5.33,118.7
509,55514,898317387,626688,2358,1224,8200676,585509807,851551802,611352,33.3,5.32,118.8
510,45111,825376678,1302528,2593,2544,7792288,503202525,766362690,559665,40.29,5.18,119.1
511,34032,811249592,0,846,0,7912991,519767088,773060415,578918,32.7,5.18,119.0
512,27293,823637240,0,3616,0,7720763,511124818,777678629,556837,34.9,5.47,126.9
513,166448,1009433441,0,30307,0,9027189,699641408,928959169,680893,33.28,5.41,127.1
514,66269,937772523,0,1989,0,8620610,593566082,828179194,592177,32.99,5.28,127.5
515,100410,864286297,1929216,1393,3768,7948114,545000789,816908716,598704,39.77,5.15,126.9
516,24148,838999882,0,291,0,8222477,553576776,809998451,591601,35.01,5.11,117.3
517,15978,785692899,0,629,0,7357678,485926064,734789755,513511,32.89,5.5,116.9
518,141138,559837999,0,9234,0,4834519,386007091,526232368,315536,33.25,5.34,116.6
519,56699,908056648,0,629,0,8185916,584575386,865552686,583094,32.24,5.14,116.5
520,21799,793957567,19804160,1253,38680,7207412,492672176,732114252,529146,37.74,5.25,116.8
521,30345,875405600,114688,1598,224,8356741,575230766,843716320,617398,40.13,5.9,117.0
522,87966,903194815,0,3498,0,8627817,587836450,849174653,606020,39.63,6.24,116.9
523,127204,516951946,86016,4019,168,5014984,367668338,475574220,328169,39.69,6.14,116.8
524,169307,958591601,86016,2622,168,9541576,612500466,894760185,696664,33.5,5.29,116.7
525,61107,821569333,798720,703,1560,7760524,513992432,747444631,550199,32.59,5.14,126.9
526,23312,834490330,0,520,0,7828402,525365599,788187113,580605,32.44,5.09,126.5
527,10429,765437849,0,1747,0,6858930,477825211,738540545,508035,34.84,5.42,114.2
528,186252,950955545,0,11306,0,8327559,652592855,894946054,616910,33.68,5.26,114.2
529,49904,848189597,0,1600,0,7721607,519145399,770785634,562500,32.92,5.16,114.2
530,24553,768928114,1687552,767,3296,7191119,488273332,730443765,519014,32.33,5.18,114.7
531,20796,818427558,0,2194,0,7531096,502404074,770847601,538077,32.53,5.16,129.3
532,19723,790176058,0,10134,0,7248191,488206023,743697469,552953,33.32,5.48,113.9
533,182893,859540754,0,4942,0,7498835,561705757,807180567,584831,33.88,5.47,114.0
534,67712,913230431,6918144,3108,13512,8313652,572566418,831599328,588878,40.25,6.29,114.2
535,116746,887508320,5578752,4663,10896,8675719,573651745,845960029,629869,40.28,6.28,119.7
536,35704,438119544,11427840,1073,22320,4286098,287097295,430218812,315423,40.27,6.11,129.1
537,150260,955655854,5468160,6372,10680,9281559,641836802,911168244,667565,40.34,6.51,121.6
538,239312,964811495,5214208,17763,10184,8678592,651461292,866547764,598603,34.22,5.45,115.6
539,99187,871222614,630784,1955,1232,8202096,547509942,775230185,553475,33.27,5.2,115.5
540,25496,767683957,0,1342,0,7228931,479559807,729306098,536707,32.34,5.14,115.9
541,13487,772180389,0,2315,0,7303520,475443038,739120431,530913,32.48,5.13,123.1
542,30088,828356963,1560576,2610,3048,7538063,515894872,770409531,566721,40.1,6.49,123.0
543,219487,711279027,6012928,38277,11744,5618518,544396801,611928884,384023,40.18,6.35,115.9
544,97546,1139438008,11452416,21609,22368,10825937,767515157,1036175520,747259,40.29,6.4,115.9
545,55051,411091350,5439488,980,10624,4000943,265392599,396072880,293992,40.22,6.11,116.4
546,106118,832137403,10653696,6293,20808,8081320,547382831,793130720,584907,36.94,6.02,123.5
547,102223,919591384,1032192,2419,2016,8817788,574954825,854408619,628393,36.47,5.55,124.0
548,42417,969735535,5591040,10322,10920,9158933,629532945,904394453,673947,33.03,5.31,114.2
549,29645,783976929,0,1465,0,7319760,487548724,758592116,537630,34.89,5.46,114.2
550,156020,861522033,17530880,10972,34240,7976381,594182974,816348799,554762,34.45,5.59,114.7
551,48170,846643089,7086080,5780,13840,7937397,563836508,816471243,587202,40.29,6.33,120.6
552,87053,840418626,5410816,3470,10568,8026716,550513686,799519965,590068,40.22,6.24,128.5
553,30156,432270512,10682368,2148,20864,4106985,281832902,341406203,248854,40.22,6.09,115.4
554,78501,921992518,5464064,2439,10672,8986992,612606313,899957927,650822,40.22,6.39,115.4
555,254625,569329512,5214208,16918,10184,5337658,410446094,542212779,348288,35.97,5.6,115.9
556,107709,1037550986,0,3536,0,9657275,650470756,975582054,699803,33.27,5.26,116.3
557,21806,866230750,0,916,0,8027220,537711490,811070180,593982,32.99,5.14,128.5
558,18888,789292737,0,953,0,7258197,496873331,745938712,540728,32.69,5.14,122.7
559,31386,807088967,1417216,1658,2768,7436563,495707025,751725342,543762,37.97,6.23,115.4
560,197723,967087289,5496832,20638,10736,9018666,660677301,906981235,652124,40.23,6.28,115.9
561,65017,453517983,12427264,1065,24272,4341358,302154578,431204103,304842,40.09,6.11,116.3
562,83369,1022183311,5439488,3852,10624,9840155,674743441,954826444,704935,40.18,6.27,122.7
563,112539,885010754,10596352,1854,20696,8510866,577754640,836648423,619742,38.47,5.9,122.5
564,44933,473003893,0,372,0,4565473,301470694,440182769,337108,33.3,5.26,113.5
565,41874,901933698,0,4555,0,8456295,573383194,844014682,623109,33.02,5.22,114.0
566,20307,848947310,573440,1172,1120,7947667,508029198,781357819,572937,35.2,5.45,114.2
567,204287,974393757,1134592,13063,2216,8602220,664506282,930315799,645115,34.87,5.59,123.5
568,56172,907730181,6447104,4102,12592,8325958,590469430,862003589,615187,40.33,6.41,123.7
569,100785,879101763,6103040,1183,11920,8415681,580567210,842281957,612906,40.25,6.21,114.2
570,46176,396037033,11603968,850,22664,3738001,251200109,348950079,265891,40.09,6.11,114.8
571,94523,941283807,6127616,931,11968,9112697,607441646,890028573,660245,39.26,6.25,115.2
572,286025,1041005322,5931008,8528,11584,9611213,711929007,969783728,750479,35.43,5.48,121.4
573,30379,483570074,458752,1102,896,4504041,317249040,468253998,336100,34.17,5.27,127.5
574,27126,922599958,0,664,0,8695454,586074482,883308840,627997,33.28,5.17,114.8
575,53406,796525156,0,1372,0,7483335,508620093,760927156,556504,33.44,5.23,120.6
576,17092,793918534,1417216,2169,2768,7463713,500898606,754312670,538156,40.05,6.3,120.1
577,215009,956086122,11509760,60804,22480,8703820,653507328,888888791,627686,40.26,6.38,119.5
578,124071,942978784,6098944,4006,11912,9332524,619520375,869749440,649288,40.12,6.12,128.8
579,53493,471306417,6103040,757,11920,4588277,304539676,442775369,330599,40.19,6.22,114.2
580,117973,905599114,11313152,11528,22096,8831375,607435385,854248585,633556,36.23,5.88,114.4
581,50616,863471992,18014208,1932,35184,8170891,547592467,807879271,585799,32.69,5.27,114.7
582,34029,841825682,0,23151,0,7628209,528207869,790023819,580485,33.04,5.23,114.7
583,25880,791812573,0,1838,0,7141862,507675146,767029472,529168,33.4,5.59,128.6
584,150915,940776263,1503232,10657,2936,8349001,635359048,904774922,597985,36.6,5.81,128.8
585,30595,454439115,6438912,1046,12576,4139551,301861604,410181662,287115,40.19,6.17,129.0
586,129304,910434646,5382144,8202,10512,8759465,607781421,867369901,623688,40.22,6.29,128.8
587,86751,871816126,11481088,1704,22424,8492190,559992368,817734626,612724,40.28,6.34,115.9
588,217389,819050601,5410816,9662,10568,7471168,559443389,739948334,540196,39.95,6.3,115.8
589,90908,517556733,5242880,2178,10240,4910276,342238684,501581444,351655,34.37,5.43,115.3
590,37432,999578473,573440,1422,1120,9366431,648645593,913519872,637179,32.8,5.18,115.9
591,27911,792177395,1318912,2462,2576,7328951,509623474,756264347,539974,33.33,5.18,116.0
592,18119,808708530,0,1114,0,7621872,505303285,759048597,561323,32.78,5.16,115.8
593,19901,793119396,1474560,1203,2880,7553546,506861706,773456554,530275,39.34,6.41,115.6
594,204134,920268374,11517952,20038,22496,8390541,643476135,880443677,622636,40.36,6.47,115.5
595,138196,848354479,6098944,7921,11912,7968261,545306300,775472315,516849,40.28,6.19,115.7
596,54460,452887510,12005376,1623,23448,4288100,294829209,432496545,304261,40.22,6.06,123.0
597,84019,902629824,5406720,4102,10560,8707786,580569442,859179004,631705,35.02,5.6,130.2
598,32052,838832795,516096,2744,1008,7921489,531018298,793432207,565723,32.49,5.22,130.2
599,17268,787792951,0,1816,0,7271443,477298314,736457148,518483,33.18,5.22,130.2
600,140119,935618931,0,13696,0,8172056,632952914,894270638,602164,34.3,5.5,130.3
601,71117,901477652,1417216,4367,2768,8358733,571764604,833736123,607729,37.37,6.05,118.4
602,47960,752426177,6156288,3969,12024,7270895,507344679,726584480,506196,40.26,6.27,118.0
603,30712,419060748,12083200,1218,23600,4116235,275668843,399395585,291473,40.24,6.14,117.5
604,51926,881583932,5439488,2876,10624,8727616,576158804,818027921,610923,40.26,6.33,117.2
605,233057,1000600389,10653696,11269,20808,9310274,634724249,874603682,628353,38.33,6.07,131.8
606,80817,480866442,487424,1697,952,4552860,302807225,442923709,340131,34.65,5.41,131.6
607,30040,893640036,0,2447,0,8729051,572475942,836328547,627086,32.97,5.21,131.5
608,18276,858205212,0,5543,0,7875358,531773095,799179137,580707,32.31,5.25,131.3
609,19200,1110641512,770048,1216,1504,10562309,687261624,1056116982,767008,33.96,5.67,123.5
610,13075,361764192,6860800,3283,13400,3319410,224709679,342547229,243876,40.06,6.36,123.4
611,283595,1010359121,6279168,16830,12264,9027509,688707339,945136011,704389,40.2,6.44,115.1
612,104448,927622861,29605888,4217,57824,8655372,618275435,894829816,662657,40.14,6.26,115.6
613,44829,413282306,6127616,2802,11968,4159109,269173670,388731838,294228,40.12,6.22,120.9
614,61263,840077422,5931008,2313,11584,8141306,547676311,789325799,565258,32.77,5.36,130.5
615,79860,853948948,544768,2264,1064,8004670,529785068,811408908,563309,32.5,5.22,130.5
616,22483,794601496,0,1750,0,7408714,500513772,755193994,553147,33.07,5.38,130.4
617,161306,905980512,28672,11874,56,7790761,599263623,858262581,610380,32.59,5.48,130.4
618,82454,878554312,1445888,3270,2824,8109181,546570623,831398658,571418,40.26,6.34,119.0
619,51632,449472591,11509760,1310,22480,4259405,283527387,417354958,320071,40.11,6.15,118.6
620,84398,903070340,6070272,3367,11856,8710879,585066819,845414728,623271,40.19,6.26,118.1
621,118418,883920976,12201984,9264,23832,8550439,586255111,857619132,627185,40.25,6.44,117.9
622,153327,553801022,6705152,16778,13096,4810927,398229492,507527388,351925,37.09,5.85,129.7
623,125484,1041347402,573440,7825,1120,9703492,670146480,978428341,719365,33.18,5.24,129.8
624,20424,840287054,0,302,0,7810642,527311279,794839131,587896,32.91,5.18,129.8
625,14229,806539169,0,465,0,7463272,509840700,771936569,550227,32.59,5.18,129.9
626,12229,831436675,1417216,397,2768,7768666,511341409,786105381,553374,36.24,5.91,122.8
627,301139,1059530543,6160384,22521,12032,9412804,727018144,978725140,691999,40.17,6.53,116.2
628,66008,486852152,6070272,601,11856,4729610,313063161,467250697,343236,40.12,6.34,116.1
629,209929,1012087956,12169216,7235,23768,9944178,652042554,928969531,707431,40.24,6.46,116.6
630,94794,679336951,6127616,668,11968,6208176,441647284,617732907,440097,37.69,6.01,124.1
631,48061,429810853,5382144,563,10512,4218969,274347653,400887518,310641,34.33,5.33,130.5
632,58778,946337136,344064,6714,672,8705210,591633838,891075014,649051,33.26,5.19,130.4
633,17654,871233936,0,684,0,8244204,546702085,822368545,593457,33.66,5.38,130.4
634,170560,948575564,0,5437,0,8152435,646645561,895141865,634465,33.96,5.55,130.2
635,123381,911414437,1445888,3069,2824,8382761,586196093,882667524,626959,40.17,6.26,118.3
636,116104,871544743,12197888,2755,23824,8474403,563319428,823439869,615019,40.13,6.29,118.1
637,54995,434034691,5324800,1193,10400,4125029,273612877,401047211,309469,39.98,6.07,117.9
638,43822,920295299,10850304,4022,21192,9102836,597264097,880177534,668255,40.19,6.51,118.1
639,258738,889363745,5382144,11762,10512,7961710,603607437,829467848,590522,33.57,5.57,130.8
640,36411,964872981,315392,2278,616,8605958,621809624,904155029,642462,33.84,5.38,130.7
641,15861,435579691,0,251,0,4142216,268388814,409797875,294307,33.25,5.16,130.7
642,30414,899725706,57344,699,112,8184435,550745528,834735232,607582,32.87,5.2,130.6
643,40155,880128347,19165184,2114,37432,8095824,561752710,836442228,596573,38.06,6.25,121.7
644,214367,891021674,6160384,8875,12032,7994084,581265398,822882907,620445,40.15,6.59,114.5
645,198031,531277524,12173312,6090,23776,5845881,333817694,463617614,375093,40.01,6.4,114.7
646,144380,1144756295,6127616,28900,11968,10427298,738919568,1067818352,787524,40.1,6.32,115.0
647,80698,872898088,11317248,3845,22104,8425991,569557129,845063895,628188,37.63,5.87,123.6
648,18593,462390136,544768,2071,1064,4396321,298322932,437775963,336562,34.0,5.34,130.5
649,33041,960179179,0,2878,0,8600042,600871018,928552671,644505,34.77,5.65,130.4
650,217168,1090965112,0,8661,0,10203504,738229824,989593314,721024,33.54,5.69,130.4
651,194894,1031343821,745472,7803,1456,9298514,674800903,955319945,675056,36.76,5.84,130.1
652,45535,465893142,6885376,2243,13448,4342189,278551880,413156953,304196,40.15,6.18,120.1
653,147865,982479289,7393280,24716,14440,9403555,635469020,904734837,690921,40.19,6.31,114.6
654,98852,935813611,10764288,3488,21024,9100223,603068637,897948421,669153,40.25,6.32,114.7
655,110327,456660620,5439488,2323,10624,4432597,294789924,438373767,319904,40.16,6.26,114.9
656,275558,1048137871,5525504,11396,10792,10077416,711402323,981593241,713457,40.16,6.52,130.8
657,110979,920904515,229376,12192,448,9001405,610493857,888785157,646993,40.14,6.3,130.7
658,82410,456748494,172032,4088,336,4424780,295423268,432867122,316239,35.93,5.52,130.7
659,85360,939506163,0,30731,0,8827091,618310207,889049380,666542,33.21,5.27,130.6
660,21187,830421514,0,1550,0,7959816,534477843,805744465,571914,34.46,5.41,119.7
661,153812,876221358,598016,16324,1168,7941661,593535591,815541684,568755,33.6,5.34,114.5
662,29447,901781420,0,1324,0,8102266,584758868,862091732,600850,33.05,5.28,114.7
663,37723,825219909,0,4392,0,7678230,518965914,783569013,574067,33.57,5.18,115.1
664,28561,865623540,0,3341,0,8072503,545241713,820144432,592324,32.33,5.24,125.3
665,21939,804354049,0,1520,0,7457916,499138189,773455185,535156,34.91,5.49,130.7
666,142439,888655702,634880,10510,1240,7984757,587772180,829329768,622787,33.94,5.35,130.6
667,30558,889019372,0,1805,0,8324901,567580122,848051927,618641,31.87,5.15,130.6
668,19855,770076402,2719744,538,5312,7129101,479982855,742131385,501248,37.25,6.31,124.2
669,146424,745998041,58171392,6430,113616,6982792,486060340,717322751,504018,40.27,6.56,118.7
670,181322,864313502,72372224,7443,141352,8390898,555867023,833612676,611619,40.25,6.73,118.3
671,93510,434212309,43638784,24599,85232,4197842,335436230,414249333,250694,40.12,6.54,117.8
672,289275,1044285592,56954880,7648,111240,9831118,727332495,997237318,732310,37.92,6.41,118.2
673,108830,454823593,31580160,6484,61680,4238041,298505047,440186268,318837,33.66,5.39,130.7
674,67353,922840237,0,1162,0,8612253,580824821,890534544,626144,32.86,5.25,130.7
675,110933,817254622,0,1230,0,7583504,507563917,784374470,543889,34.3,5.37,130.6
676,189636,876067395,0,7510,0,8006995,579206034,776476301,539368,35.46,5.62,130.5
677,70510,923212661,17276928,2529,33744,8740320,587034497,859140084,633848,40.15,6.38,115.6
678,271235,1039067835,58175488,12310,113624,10408048,698764828,977217038,726861,40.28,6.81,115.4
679,270668,556111121,42754048,15705,83504,4772000,437944210,548952687,356368,40.2,6.4,115.5
680,258384,952971639,71667712,1032,139976,8967270,630357071,914712453,647570,40.24,6.7,115.6
681,149285,463899012,56459264,466,110272,4508134,292596482,431442907,307495,38.32,6.14,130.7
682,261161,1112802014,831488,9628,1624,9768080,758967750,1062597281,758306,36.17,5.81,130.6
683,242995,1016369684,28672,3538,56,9746507,682637663,967363030,705526,33.0,5.32,130.6
684,41778,875879502,2322432,1044,4536,7887505,540857393,823389289,566964,31.61,5.17,130.6
685,16548,757262971,802816,1370,1568,6904233,468423801,718278418,504046,35.04,5.79,123.0
686,257031,885398648,45293568,10265,88464,7505384,607904408,838248636,592836,40.14,6.57,115.6
687,209271,839684857,58155008,8157,113584,7525870,567256422,788097816,555772,40.17,6.61,115.5
688,136821,892775330,58466304,6625,114192,8525660,565993475,844313244,628865,40.17,6.52,115.5
689,110783,432353889,72851456,1309,142288,4060113,276886385,401700969,297466,39.84,6.37,125.3
690,169935,811044192,14807040,9893,28920,7614239,524849403,764492045,559102,32.2,5.38,131.0
691,25507,783054571,430080,669,840,7334336,483017741,739513680,525999,32.48,5.27,130.9
692,28326,723538453,0,492,0,6813503,444034393,680674343,481402,32.57,5.3,130.9
693,118092,774420786,0,11697,0,6911061,531386466,712020128,480038,32.46,5.43,124.4
694,131036,1172369218,17133568,3383,33464,10782358,730425130,1044391761,736778,39.97,6.7,117.3
695,158188,651846583,72622080,10474,141840,5916701,440975049,635728936,455964,40.2,6.6,117.1
696,75716,396521257,58150912,5258,113576,3657081,266881582,393922736,283392,40.21,6.58,117.2
697,109643,711127661,72994816,14970,142568,6528528,481893313,686696869,509837,40.16,6.58,117.6
698,300903,888187405,29224960,16830,57080,8321760,610853586,782463092,553839,34.61,5.64,130.4
699,68126,889303124,344064,9538,672,8406246,562113135,815674137,574536,33.13,5.25,130.4
700,25551,710952976,0,621,0,6627246,448616310,677688425,495813,31.05,5.15,130.3
701,8536,679390087,0,294,0,6240239,427604980,656944512,470776,31.5,5.13,130.4
702,29297,1109611901,2547712,3912,4976,10286342,690602969,1056584986,747078,39.23,6.36,116.4
703,146934,396624664,58089472,8483,113456,3607976,274810705,388806215,264347,40.2,6.55,116.4
704,299800,980629089,75452416,6181,147368,9334859,667364871,927528823,685191,40.3,6.76,116.3
705,225219,761287569,72814592,2482,142216,7188395,496662237,691681416,513544,40.29,6.68,116.3
706,205619,495840028,58384384,2165,114032,4475196,317520884,439160840,320143,36.33,6.0,128.8
707,49172,821373569,372736,1474,728,7469107,510942114,756438117,579587,32.24,5.21,129.1
708,11582,760162044,0,1358,0,7029485,470775991,704072869,515826,31.88,5.25,129.2
709,27471,751883160,28672,859,56,6814637,440416752,662844975,453545,33.71,5.55,129.4
710,124336,896960243,1814528,19506,3544,8049666,605059659,824319644,590348,36.02,5.85,124.2
711,65655,865514321,44232704,5645,86392,8035365,551798055,825186596,592970,40.29,6.5,117.5
712,139872,747957219,72499200,8278,141600,6925783,495228960,723802301,510627,40.35,6.66,117.9
713,219476,748291552,58544128,3114,114344,7209656,477614575,698874838,495724,40.32,6.62,117.9
714,61994,421747497,62070784,5814,121232,3989934,272585178,393236071,296150,39.7,6.32,123.9
715,386389,1092120657,14585856,10769,28488,9644046,723510356,1007541389,715640,34.51,5.43,130.2
716,31400,939357097,372736,2126,728,8477470,607509833,879636096,642174,32.14,5.13,130.2
717,14155,760797485,0,1149,0,7104435,470220305,714491493,530455,32.03,5.21,130.2
718,30659,772691677,0,1760,0,7061544,492921207,741840265,527998,33.77,5.65,130.2
719,93930,806134223,31604736,8540,61728,7593904,516580892,772317721,556291,40.24,6.7,130.4
720,376879,1004848785,58126336,9818,113528,8661349,707947438,952399289,697170,40.26,6.65,130.5
721,87273,449042410,72544256,5585,141688,3993963,307355680,414014416,285304,40.19,6.43,120.9
722,158963,896120295,44011520,15997,85960,8527067,583311770,829497795,606257,40.22,6.56,120.3
723,135717,920886082,43790336,8798,85528,8780973,596909614,886218451,646203,33.41,5.57,120.1
724,27328,856641571,344064,2420,672,8023580,541021512,817292188,574599,32.5,5.17,119.7
725,12741,744218675,0,1212,0,6741508,449452253,704037012,507463,32.1,5.13,119.2
726,107831,807057338,0,13845,0,6547355,537945278,786925818,535807,33.88,5.46,118.9
727,75904,773700945,2576384,1303,5032,7208048,493258591,747540014,532851,36.88,6.23,118.4
728,125271,923668163,58028032,10981,113336,8523304,605464983,882441600,638761,40.3,6.49,118.6
729,91751,435016470,72560640,2373,141720,4145304,286353093,421546286,300693,40.16,6.49,118.5
730,171950,762615858,43896832,7290,85736,7431851,482921981,698429818,517407,40.22,6.52,113.4
731,311764,957635666,72986624,5376,142552,8848487,636536521,867151297,563922,36.94,6.18,126.8
732,166403,847344257,344064,12758,672,7770224,537196251,791654519,575295,32.95,5.47,127.4
733,39434,811959186,0,660,0,7739918,503172609,756824741,567171,32.59,5.24,128.0
734,56767,758812888,0,1499,0,6972795,473853613,721938651,515120,32.69,5.2,128.4
735,22900,699623031,17207296,1777,33608,6509411,426018456,658523254,459095,32.95,5.42,128.2
736,128427,857757570,31498240,20961,61520,7490234,580562222,819272804,555726,40.23,6.71,116.8
737,105649,481403149,58114048,4661,113504,4481791,319123366,406884403,297673,40.17,6.49,116.6
738,177862,941457389,43806720,7011,85560,9189501,595726518,858638435,629386,40.2,6.63,116.9
739,214187,856103637,72929280,3700,142440,8011112,556459477,808178390,597123,40.23,6.55,117.5
740,98006,428647598,43814912,1867,85576,4038698,279393619,404903408,308000,34.43,5.6,131.2
741,130211,792529927,401408,2069,784,7364364,502678129,732252138,530521,32.49,5.26,131.3
742,14240,745503969,0,898,0,7150501,472575859,711684333,502869,32.11,5.14,131.3
743,73396,1122265376,0,17975,0,10182970,733342160,1074017512,722847,33.23,5.53,131.4
744,65852,787143163,1445888,5037,2824,7406445,503033057,765069349,542067,36.66,5.99,130.9
745,168732,810985246,62369792,14745,121816,7536585,536367452,732711960,516734,40.22,6.59,123.3
746,29415,414135634,58089472,5078,113456,3978457,274557534,393063853,295963,40.18,6.51,115.9
747,70048,817860765,58339328,16168,113944,7968415,542497074,780522089,573017,40.21,6.56,115.5
748,127424,739743695,72957952,7553,142496,7040562,492434766,715855153,503942,38.14,6.36,121.1
749,293277,900443692,0,22380,0,8140107,616379738,822367789,576274,34.18,5.32,131.6
750,46657,797300093,430080,3399,840,7697526,507537433,738141515,540587,33.32,5.24,131.6
751,22043,770570314,0,3124,0,7100790,485912461,723742910,503968,31.92,5.18,131.6
752,13371,743869666,0,1191,0,6830519,451252534,704746067,496090,33.48,5.51,131.5
753,77929,724025162,31662080,3117,61840,6503489,459546433,703313858,494746,40.19,6.59,114.6
754,326181,979783213,72613888,19681,141824,8921435,668346307,897270727,602642,40.25,6.65,114.6
755,148040,709731171,58200064,5910,113672,6826799,440115731,633311881,476065,40.22,6.6,114.6
756,103793,380919117,72765440,3447,142120,3551199,247550658,365712069,259085,38.17,6.31,114.7
757,213859,704892780,14807040,3693,28920,6536684,443586336,640941235,475531,32.95,5.33,131.6
758,51357,787020786,344064,1251,672,7353459,492806458,743708561,513912,32.69,5.22,131.6
759,17674,1129353035,0,1282,0,10505399,689941655,1069612459,768678,32.29,5.29,131.6
760,190848,863625942,0,24205,0,8053623,599651342,791533323,505692,34.27,5.86,131.6
761,167029,865786712,17162240,6526,33520,8583407,574066616,801223113,603780,40.27,6.59,119.5
762,109155,414369548,72450048,3767,141504,3983319,273247012,385732967,290585,40.29,6.58,119.1
763,235176,724352320,58306560,4806,113880,6970969,454321216,667446856,494199,40.21,6.46,111.8
764,161241,849374904,58372096,17355,114008,8126679,544604750,781922815,578324,40.32,6.69,111.8
765,89345,380255988,60502016,1609,118168,3605709,246051116,363113804,262771,33.16,5.61,129.7
766,209195,983012175,315392,21982,616,9113527,682812263,935757954,646625,32.89,5.27,129.9
767,27505,1194870614,0,2474,0,10708653,750478682,1108489556,790494,32.43,5.18,130.1
768,12983,663502294,0,3916,0,6056984,396218874,623949563,436792,32.22,5.12,130.4
769,12397,725246609,2576384,2129,5032,6717066,443755343,676504800,492466,37.35,6.36,123.1
770,243395,905964067,58064896,16387,113408,8300802,581883624,816721651,613658,40.26,6.7,114.5
771,101372,415052732,58171392,3079,113616,3999074,256137925,364297023,269857,40.31,6.74,114.4
772,216981,689719390,72843264,8341,142272,6214374,469165885,671870421,459143,40.31,6.58,114.8
773,115095,727090438,58372096,8330,114008,6940748,484510642,673863270,487026,34.94,5.68,122.0
774,103470,825590237,372736,11852,728,7887412,518839397,799080482,559061,31.61,5.27,131.6
775,71410,710397769,0,1732,0,6588799,439164363,669327393,470382,32.15,5.18,131.6
776,22326,788673397,3526656,1070,6888,7197588,487297624,767521776,528270,34.13,5.47,131.6
777,138273,884449099,2043904,14894,3992,7908169,603261699,788632911,537216,37.68,6.08,131.5
778,70741,831639838,44089344,6368,86112,7812640,540634624,745384948,531994,40.11,6.44,118.7
779,179865,838378098,58114048,5663,113504,7975466,549099595,811717551,576344,40.16,6.52,118.1
780,201214,795096861,72785920,7339,142160,7239314,512680351,715952023,517435,40.19,6.65,117.6
781,45271,413791183,58400768,5802,114064,3859535,274803915,386950814,294085,38.84,6.22,117.5
782,239130,1052574478,14585856,16062,28488,9210128,714250101,985376461,719646,34.12,5.39,132.1
783,56124,940301387,372736,1138,728,8493577,609632527,885585361,615929,31.72,5.1,132.0
784,22037,758791707,0,414,0,6933935,462925768,704173978,502556,31.43,5.12,131.9
785,14476,704304072,57344,317,112,6391065,433192004,644506526,471025,33.48,5.24,131.9
786,22165,788532009,2613248,1425,5104,7289051,481930869,731855113,507983,40.22,6.55,117.8
787,181115,890641446,72478720,23079,141560,7924768,587018854,808175876,601102,40.12,6.56,117.4
788,233846,861028305,58339328,2457,113944,7682440,585753322,823581488,575893,40.25,6.65,116.9
789,129349,451778849,58286080,2791,113840,4146358,286417588,420262970,303530,40.26,6.5,117.0
790,142657,870276612,58486784,5272,114232,8220725,582650840,840022094,581806,40.06,6.35,125.2
791,174131,949717211,286720,5134,560,8998496,612511747,901084345,648448,39.85,6.51,131.3
792,143774,532734954,0,2640,0,4925444,372800492,485615193,377277,39.99,6.26,131.3
793,126373,902611634,0,7467,0,9057326,593183533,858879266,655008,38.67,6.08,131.3
794,84131,908000594,0,5808,0,8692472,594830178,873963090,633825,39.06,6.25,125.3
795,63389,390006079,2220032,2071,4336,3902021,256237190,375987421,279897,37.51,6.03,116.7
796,204947,933266110,17072128,2490,33344,8847568,590533239,876162360,647572,35.36,5.58,116.4
797,156225,1030291600,0,12604,0,9506058,687507850,946101949,649505,34.18,5.19,116.2
798,32273,848162672,0,495,0,7817264,527605405,761221015,526996,32.46,5.18,116.2
799,24809,812387151,0,446,0,7442121,498513768,768355225,535284,31.99,5.12,132.1
800,14513,738542535,397312,335,776,7012102,463721744,709984584,510474,31.63,5.11,131.9
801,9670,770532075,126976,502,248,7147987,478037552,719795260,513027,33.21,5.3,131.9
802,138077,949007242,1339392,6573,2616,8726830,639411512,870522151,650498,38.36,6.24,131.9
803,356072,835205251,3072,7959,6,6847465,792070766,778475284,463396,33.18,5.23,121.2
804,94067,1181324058,0,1643,0,10881954,958133852,1125992598,812171,32.57,5.14,114.8
805,12888,808300851,0,2197,0,7708397,497950571,766678980,544725,32.17,5.1,114.5
806,10387,775555976,2146304,635,4192,7230847,485251890,745262342,516196,33.6,5.42,114.7
807,177988,1278047740,3358720,8838,6560,11647041,850776552,1209177794,826383,33.57,5.28,123.9
808,22385,707821685,0,1477,0,6519351,446168661,667631813,472371,33.63,5.14,131.8
809,17324,849499364,0,4006,0,7945812,528767461,804029419,570610,32.27,5.16,131.7
810,283233,949476195,86016,22503,168,10298274,605771779,910245134,555355,32.81,5.81,131.7
811,53759,463958675,0,601,0,4302917,289708371,449316103,309579,32.72,5.36,131.2
812,28297,1218866785,1114112,1289,2176,11323783,747723487,1127055804,792956,32.68,5.18,118.4
813,4551,720435963,0,669,0,6663103,446933148,683494739,496123,32.27,5.06,118.1
814,17912,656017421,0,1556,0,6109293,400796466,619048475,451078,31.96,5.09,117.6
815,8411,757811554,28672,1985,56,6877282,473150173,726004445,520942,32.05,5.05,117.4
816,9176,686679246,1232896,722,2408,6211487,424134236,640735445,443449,31.03,5.14,132.3
817,10705,742607516,253952,5865,496,6717630,471258540,709367854,493483,32.47,5.19,132.2
818,74824,891455518,0,5329,0,7516357,702854159,856220261,578716,33.78,5.41,132.2
819,145174,1493827152,0,15625,0,12636041,1115772422,1406044742,994039,36.06,5.75,131.8
