,LLC-store-misses,bytes,LLC-load-misses,cycles,LLC-stores,ref-cycles,instructions,LLC-loads,blocks,pkg_pwr,ram_pwr,power
0,201,0,33704,246614987,77401,309954960,175424036,1888885,0,25.26,5.6,114.3
1,3991,1515520,128573,645701155,237071,721242788,484898464,4829064,2960,26.85,5.27,96.2
2,3532,0,16717,484180633,203951,521848389,352055320,3690342,0,27.13,5.25,101.3
3,272,0,6324,350631132,134689,400430646,234899560,2539655,0,24.13,5.14,101.4
4,5967,0,119758,568901090,239828,613966456,412955333,4113659,0,27.33,5.31,101.4
5,1215,0,13938,425677875,132121,473352407,303397554,2707407,0,23.78,5.19,100.9
6,47,110592,4996,280188219,110559,329013626,204879148,1908930,216,24.11,5.12,101.2
7,108,0,1631,359437014,130593,421098064,238985279,2833040,0,25.11,4.96,100.7
8,155,0,7321,446178559,171677,509803587,304656195,3516651,0,23.91,4.99,100.2
9,6975,0,81531,469210755,161088,502591989,362532495,3088706,0,25.67,5.3,99.9
10,432,0,11516,454004140,195524,516636728,317040296,3322639,0,24.1,5.07,99.6
11,65,110592,1988,349597504,148811,385138905,232107124,2559598,216,24.48,5.02,99.6
12,467,0,6849,360701733,135864,414081802,242125878,2878304,0,24.14,5.06,99.4
13,511,0,2651,447747729,175658,479233002,286095475,3060188,0,24.33,5.02,99.0
14,7025,0,85137,459437395,181069,496977742,337279378,3566890,0,25.97,5.32,98.8
15,1802,0,16178,416612623,147255,435678074,281208046,2907276,0,24.79,5.16,98.7
16,7386,110592,75848,498284243,178595,574532449,386082872,3852390,216,24.42,5.27,98.9
17,1965,0,34244,461217088,150052,490385875,313694912,3289241,0,25.51,5.27,98.8
18,1665,0,50027,374868890,146959,420863193,273826381,2515687,0,24.45,5.17,98.6
19,4784,0,71445,658819146,218047,719709734,480438774,4899744,0,26.22,5.38,98.8
20,551,0,9620,348814811,134559,389022428,254711347,2790948,0,25.08,5.17,98.8
21,303,311296,5970,405142654,176986,462684223,271622075,3264699,608,24.96,5.06,99.2
22,270,0,7027,385883855,132600,492844021,312871268,3457301,0,24.11,5.05,99.0
23,7939,0,109081,361860071,139182,419133506,290697359,2593826,0,24.77,5.41,98.9
24,17048,0,126003,516468624,233779,612952904,443750396,4114609,0,27.64,5.48,98.7
25,3589,0,59384,481880420,200915,571856101,355252527,3930878,0,24.59,5.27,98.7
26,5869,798720,88053,404848900,154496,466399414,317763342,3036402,1560,24.98,5.29,104.9
27,760,143360,17500,364304067,131685,430704764,263033255,2917443,280,23.63,5.15,98.0
28,657,28672,14141,409592956,154004,443049880,261600998,2809995,56,24.02,5.07,98.0
29,10656,0,174248,427713798,203049,519811437,375718896,2931287,0,25.79,5.73,97.7
30,3931,0,148631,512414723,202898,549415766,360331420,3672674,0,29.54,5.73,97.8
31,5628,25178112,128424,375854283,155212,450837211,312625771,2812295,49176,24.77,5.37,106.5
32,764,630784,10559,380629192,160147,435375377,264644110,2858568,1232,24.96,5.18,106.1
33,201,0,12408,453814893,188795,500894878,307867508,3469629,0,24.64,5.1,97.8
34,5868,0,75460,501991674,224017,558475257,371130925,3435876,0,26.71,5.36,98.0
35,290,0,13414,352113813,132266,429180968,250564132,2697438,0,24.41,5.15,98.1
36,5187,139264,63316,382887956,178678,430427774,281764238,3250840,272,37.29,6.5,98.5
37,5810,0,159708,703267748,305555,776913872,532166272,5429369,0,28.63,5.31,98.8
38,564,0,5636,338239787,150949,374359601,234841225,1858807,0,24.84,5.2,126.9
39,3750,0,71599,454709328,164282,558030172,348841034,3651371,0,24.98,5.25,102.7
40,373,0,10244,366813141,167104,376902842,236276712,2662534,0,24.76,5.25,96.4
41,438,655360,100638,396790805,141675,449828907,320028142,3296618,1280,36.53,6.21,96.8
42,8751,0,111186,512321969,173136,559748565,391821439,3773495,0,25.55,5.38,97.3
43,82,0,11446,258159630,94518,341719543,169913618,2053961,0,24.22,5.16,122.2
44,5959,28672,72815,527705841,198446,584096779,384597570,3770379,56,24.6,5.3,98.9
45,1792,0,16175,415121224,178012,455141853,281103992,3212161,0,28.16,5.5,98.7
46,7155,339968,71862,480171598,233884,576850073,425267253,4355902,664,40.38,6.53,98.6
47,792,0,21729,329799257,147623,420780762,259067440,3018479,0,28.69,5.4,112.3
48,139,0,5284,393846367,157587,415337099,243221911,2744026,0,23.83,5.09,129.1
49,8392,0,60283,386264629,182178,431709547,295384937,2685226,0,24.77,5.29,101.9
50,370,0,45879,554718331,224949,599920431,378463284,4091325,0,25.89,5.16,95.8
51,126,282624,3341,381735314,169314,427876102,255610288,3069764,552,25.48,5.01,96.2
52,87,0,1741,403489816,165233,450245827,273742378,3297000,0,25.63,5.01,101.6
53,413,0,7617,341636451,192092,376195485,213562606,3290420,0,38.94,5.46,101.2
54,10613,0,138357,511013317,341739,551519494,358365133,5174129,0,40.33,6.79,101.3
55,1609,0,35891,532068997,368706,569058930,331918611,5532142,0,40.39,6.92,128.2
56,2932,110592,26137,406167257,290199,434043562,250947726,4357973,216,40.37,6.8,128.4
57,644,1063936,19300,510097231,364368,533696891,301678438,5405522,2078,40.4,6.92,128.7
58,5341,0,37502,313073547,211884,375926211,215136290,3338188,0,40.39,6.89,128.8
59,11641,0,193008,618247220,401601,677516754,419357175,6525482,0,40.38,6.92,129.0
60,1801,0,47318,668876366,376690,657036832,840435616,4537223,0,40.41,6.83,129.2
61,1494,110592,25609,532305355,356571,553442654,325795326,5589505,216,40.27,6.9,129.4
62,615,18636800,31499,397561786,265745,416060650,242625804,4167370,36400,40.21,6.91,129.6
63,1914,0,48573,461703324,319467,483597320,278537854,4753775,0,40.16,6.92,129.7
64,7099,0,175975,488537933,314960,498495777,338511128,4351115,0,40.16,6.95,129.8
65,1507,0,116499,469334367,337801,520438561,289939414,5001911,0,40.18,6.92,129.9
66,4313,253952,116566,398620137,255231,413554417,241050750,3986443,496,40.14,6.98,130.0
67,939,0,84119,607043707,419878,693316572,397786677,6818078,0,40.19,6.91,130.0
68,684,0,21877,375381706,267346,410982522,240737910,4187162,0,40.11,6.9,130.1
69,5097,0,165554,420246565,264903,437593678,311897830,3718823,0,40.19,6.92,130.1
70,2083,0,32012,435590335,298086,463526219,276964234,4512473,0,40.12,6.92,130.1
71,343,110592,71682,559555325,387431,601419722,341643595,6052494,216,40.11,6.92,130.2
72,4361,0,73897,351257989,237199,363231567,241394070,3377776,0,40.28,6.92,130.2
73,1292,0,57225,583249481,382289,596584457,350249106,5912595,0,40.26,6.92,130.3
74,7599,0,137370,346876421,207533,380120082,255981600,3495226,0,40.25,6.93,130.3
75,1124,0,99382,619026976,442819,665185763,378360892,6716938,0,40.26,6.91,130.3
76,1918,110592,30121,394500349,271230,411357401,239745994,4145751,216,40.32,6.91,130.4
77,551,0,39362,390442336,268048,414992223,243820602,4170253,0,40.3,6.9,130.4
78,605,0,37271,426071280,289392,443076837,252453500,4477588,0,40.3,6.94,130.5
79,11085,0,144342,627347069,407130,665339778,442629818,6379281,0,40.24,6.93,130.5
80,1567,0,64959,320239568,205694,321992413,205044646,3109596,0,40.36,6.88,130.5
81,260,110592,52900,450101703,324160,463791775,262438103,4643553,216,40.35,6.89,130.5
82,898,0,69411,546168173,353764,554061802,335173277,5371513,0,40.25,6.93,130.6
83,988,0,24268,374859382,269679,393868956,225814178,3820132,0,40.34,6.91,130.6
84,13115,0,143501,479703839,277314,484205544,343048231,4258445,0,40.31,6.89,130.6
85,1339,0,134525,510158119,337115,539947835,325318558,5251001,0,40.32,6.93,130.6
86,768,110592,70972,635147897,428176,648564119,385278419,6292316,216,40.27,6.91,130.6
87,355,0,29954,324463050,212381,334122579,209774284,3123043,0,40.34,6.94,130.6
88,341,0,38407,437366974,300808,465623032,268984004,4656884,0,40.4,6.92,130.6
89,5988,0,214802,612687661,403623,653065089,413116743,6078978,0,40.33,6.95,130.6
90,1882,0,48881,407343698,300381,444195505,254501330,4378986,0,40.32,6.93,130.6
91,1127,110592,60988,452805412,329448,480099052,267975898,4741814,216,40.36,6.94,130.7
92,1114,15667200,31428,367563683,253833,394411740,240951319,3715875,30600,40.33,6.9,130.7
93,798,0,45435,461125902,334494,496482712,274443399,4802513,0,40.3,6.93,130.7
94,7328,0,181431,506235925,322634,549642275,355826145,5060396,0,40.37,6.93,130.7
95,1510,0,86642,678474066,452098,711490863,417386094,6898994,0,40.34,6.93,130.7
96,205,167936,58182,371162892,272646,421143913,225539510,4118118,328,40.36,6.93,130.7
97,376,0,66697,464869232,314228,518167862,315745206,4820736,0,40.4,6.93,130.8
98,439,0,44200,300145408,201863,326960052,190621667,2914299,0,40.33,6.89,130.8
99,11491,0,132350,497815675,310753,545401496,357715007,5111909,0,40.33,6.93,130.8
100,1280,0,95170,433562676,249803,474131072,282654930,4460466,0,40.31,6.91,130.9
101,1106,110592,56758,336314395,238268,355806062,213694765,3573410,216,40.3,6.92,130.9
102,1482,0,43957,618702726,414526,643827285,373488314,6510601,0,40.23,6.91,131.0
103,879,0,33093,434546109,304833,448460041,260376846,4520770,0,40.24,6.91,131.0
104,9890,0,188934,475698455,306728,541048978,352481808,4974550,0,40.22,6.94,131.0
105,1485,0,82305,454076264,325904,509489113,280505094,4981256,0,40.23,6.91,131.0
106,1139,110592,64036,424479134,306118,450866212,248756488,4477942,216,40.3,6.93,131.0
107,959,0,58830,379309228,271844,408537271,232838380,3962203,0,40.39,6.93,131.0
108,1200,0,55303,572553967,400025,633875138,349791884,6221175,0,40.33,6.93,131.0
109,9063,0,229444,424765741,255803,463347766,334631155,4236986,0,40.34,6.93,131.0
110,1577,0,47969,376342947,263656,421346195,232703287,4095718,0,40.36,6.93,131.0
111,1831,139264,30073,641849752,459623,664991042,383401793,6453927,272,40.39,6.95,131.1
112,416,0,32445,435340526,302365,447351889,258673101,4461854,0,40.29,6.94,131.1
113,426,0,30753,444240315,224146,485264472,287022625,3827332,0,27.46,5.35,131.1
114,11088,0,254590,499822692,176432,573974942,430678746,3740578,0,26.3,5.5,130.9
115,953,0,13801,435075384,177389,469552836,288285656,3381810,0,25.48,5.15,99.7
116,5741,282624,136585,415044154,166622,483389642,350535362,2794058,552,25.98,5.44,100.0
117,343,0,28552,584150438,201361,666403638,371113671,4611468,0,25.37,5.26,100.1
118,231,0,4320,269411228,87511,318529509,196352096,2078470,0,23.65,5.09,100.4
119,7538,0,97518,487066627,194235,576325678,378002183,3904650,0,25.44,5.31,100.2
120,708,0,8291,342287896,139756,404232746,229720544,2753771,0,24.77,5.12,99.8
121,6299,253952,60577,508477991,216259,527890554,381654183,3322521,496,26.03,5.34,99.9
122,463,0,11155,409949703,142693,495594054,311232188,3328974,0,24.03,5.15,99.7
123,307,16846848,12361,410115112,226096,446409105,261375537,3762690,32904,36.83,5.47,99.9
124,6689,0,120526,491696513,341592,518922840,331767237,4634501,0,40.26,6.54,99.6
125,269,0,85007,413359983,286200,448313182,274658846,4263479,0,40.37,6.9,127.4
126,816,253952,95743,580922312,378324,619513616,355235658,5849578,496,40.3,6.75,127.8
127,908,0,16871,388078610,262580,392273982,235605060,3668388,0,40.4,6.92,128.2
128,448,315392,36125,375088852,260845,400426037,234782549,3910692,616,40.3,6.91,128.4
129,12774,0,162892,383312300,204303,489230364,325063818,4323312,0,40.29,6.97,128.7
130,546,0,99487,637944766,459620,698450897,389861619,6887185,0,40.28,6.94,129.0
131,1185,167936,34273,416432663,289516,436212843,252447983,4528987,328,40.33,6.93,129.3
132,235,0,41572,376714540,252898,391131482,232609497,3948164,0,40.31,6.93,129.6
133,719,0,31352,548353274,369705,567573172,335997534,5638701,0,40.42,6.94,129.7
134,6217,225280,188651,371997315,245153,401767090,268954778,3989314,440,40.37,6.94,129.9
135,1997,0,42212,414562042,305749,454491959,260533430,4489362,0,40.32,6.93,130.1
136,4799,0,105217,390547986,298797,475229778,234132341,4619485,0,40.29,7.01,130.3
137,1179,0,43088,357696190,244286,371547804,217912718,3731932,0,40.37,6.93,130.5
138,857,0,31808,398718144,285233,424725698,241791151,4320621,0,40.36,6.96,130.7
139,16109,110592,189341,584278686,412234,669373453,409171141,6225082,216,40.33,6.92,130.7
140,677,0,25486,361225336,227011,374347004,228923700,3744231,0,40.33,6.91,130.8
141,222,0,59780,546006082,361101,567461752,341816737,5567522,0,40.33,6.93,130.9
142,192,0,45677,349269334,238941,379700484,222525443,3705168,0,40.3,6.96,131.0
143,385,0,23401,362032169,264916,373167466,218161960,3840806,0,40.36,6.94,131.0
144,11814,110592,173163,703042289,454812,731607314,487106367,6597257,216,40.39,6.94,131.1
145,321,0,119099,376523279,200632,410483469,236158877,3938900,0,40.34,6.94,131.1
146,1340,0,61871,403136995,276976,421672115,244391404,4085488,0,40.31,6.96,131.2
147,563,0,42283,515861927,374877,585643252,319511838,5897461,0,40.35,6.93,131.2
148,647,0,23923,408840934,281732,423531318,243747486,4141370,0,40.36,6.93,131.2
149,5286,110592,185025,489592452,319764,533789094,340559521,4849840,216,40.37,6.95,131.2
150,3116,0,44587,332777660,223642,371353027,224028196,3750925,0,40.27,6.93,131.3
151,1567,0,37421,608161163,429077,643220128,367591453,6443162,0,40.29,6.91,131.3
152,870,0,49795,235908303,121886,250499855,159629461,2179305,0,40.34,6.98,131.3
153,1181,0,52501,521302836,351539,559636220,337705545,5429309,0,40.33,6.95,131.3
154,9891,15441920,171379,448211654,267560,505170635,302405874,4372095,30160,40.31,6.98,131.3
155,1989,0,71886,465781549,328510,509912481,288272172,4943680,0,40.34,6.94,131.3
156,919,0,50659,535045578,304675,539833240,322786682,5137564,0,40.29,6.98,131.4
157,794,0,28160,462612949,311732,471226730,276865258,4750720,0,40.33,6.97,131.4
158,287,0,48642,340948257,210800,347269760,212734098,3252141,0,40.34,6.96,131.4
159,8431,139264,146454,588131075,354322,598615000,409153172,5385087,272,40.32,6.94,131.4
160,2971,0,56174,470661274,321086,509538295,295206064,4913932,0,40.35,6.94,131.4
161,508,0,34757,397714705,280783,413697981,241474061,4091821,0,40.33,6.96,131.4
162,311,0,45810,439327918,293413,446468093,261012630,4405157,0,40.33,6.94,131.5
163,249,0,61485,453514197,316670,477675884,267961431,4743851,0,40.29,6.95,131.5
164,10433,282624,135006,686882379,492050,765412462,461028202,7333087,552,40.24,6.98,131.4
165,568,0,86316,377422711,270399,432310556,237318459,4362257,0,40.38,6.95,131.4
166,570,0,36828,350928039,241060,372516492,220119040,3631493,0,40.26,6.94,131.4
167,513,0,62729,470150646,294347,499303014,299865998,4648672,0,40.36,6.96,131.4
168,565,0,23665,370817336,262752,390343157,221875164,4000602,0,40.29,6.93,131.4
169,10332,110592,190777,531476170,361806,593295026,394091458,5478228,216,40.35,6.97,131.4
170,3670,0,81411,421051750,241944,444096560,279928086,4110860,0,40.41,6.98,131.4
171,1010,0,46356,376751529,259753,396138746,225420387,3844736,0,40.42,6.95,131.5
172,1435,0,52635,588164155,419731,611777294,350829665,6113730,0,40.36,6.97,131.5
173,732,0,37329,318846078,207449,345151712,209910668,3147250,0,40.45,6.94,131.5
174,288,110592,168814,402895747,258181,448769996,299656275,4147881,216,40.34,6.97,131.4
175,211,0,129680,617400599,440610,697621329,371318925,6783057,0,40.32,6.95,131.4
176,180,0,53244,293761357,195202,309087227,187953041,3103600,0,40.37,6.96,131.5
177,360,0,41459,428057745,316650,477110568,255147639,4805917,0,40.34,6.97,131.5
178,472,0,64802,504011468,341308,556951020,312526533,5511784,0,40.35,6.98,131.5
179,4108,110592,187836,489158525,349309,519130338,336940363,4733754,216,40.37,6.96,131.4
180,2624,0,71822,458828022,329205,498560970,282792059,4914567,0,40.39,6.98,131.4
181,973,0,65542,483956979,326962,515985377,307741096,4867766,0,40.38,6.95,131.4
182,1399,0,28068,256044763,203244,315416339,185245954,2861180,0,40.4,6.93,131.5
183,1181,0,17789,414142230,235587,433454162,260591404,3728061,0,28.01,5.48,131.4
184,7978,282624,107654,485408755,203120,541225335,361038274,3390378,552,24.28,5.31,131.5
185,1977,16056320,59237,403431021,157969,445798827,278851751,2785653,31360,24.26,5.22,101.9
186,12591,0,85206,517882968,231574,583870752,402916365,3830938,0,26.81,5.47,101.4
187,710,0,13555,429344381,171622,466943644,283967010,3364242,0,24.85,5.32,101.1
188,67,0,4142,392820177,148976,417469236,250904953,2880849,0,24.82,5.03,101.4
189,4972,167936,109383,330234702,148260,400335819,263167220,2642380,328,24.51,5.28,101.2
190,676,28672,10993,440685250,172128,476862259,299320534,3165722,56,24.95,5.1,100.8
191,965,0,63764,355023222,121962,459229639,282234794,2959886,0,24.78,5.34,100.8
192,521,0,11854,442896447,158906,491231060,277812834,3579053,0,24.45,5.17,100.4
193,623,0,6919,257147503,91703,291935981,189674429,2331980,0,37.07,5.4,100.4
194,10182,253952,106477,458965773,270009,477232861,333289666,4450618,496,40.2,6.77,100.2
195,2273,0,29647,616070581,431887,667835169,388559617,6724092,0,40.2,6.84,126.8
196,1332,0,26253,385561597,264705,392012673,229223063,3816870,0,40.21,6.87,127.3
197,979,0,31533,384091218,244465,395868008,258347208,3658355,0,40.31,6.94,127.8
198,749,0,18303,443209426,322217,459692815,265636161,4611261,0,40.23,6.93,128.2
199,15255,110592,138088,542604605,352396,562639705,364201737,5601167,216,40.22,6.94,128.5
200,1559,229376,92723,563430588,359333,601258923,373302079,5663701,448,40.3,6.93,128.9
201,486,0,35278,420014972,302974,442004637,246545113,4406149,0,40.29,6.93,129.2
202,636,0,31176,471082906,336696,498636711,290152777,5019139,0,40.2,6.91,129.4
203,486,0,15632,436094326,309136,464900982,277629625,4712147,0,40.26,6.93,129.7
204,3032,110592,198119,548978845,358194,582948328,373524399,5333676,216,40.21,6.94,129.8
205,6777,0,144994,538694311,355858,600979169,356153914,5627770,0,40.23,6.98,130.0
206,790,0,49170,339626945,177750,353624883,216367425,3329754,0,40.29,6.93,130.2
207,2350,0,64535,444405190,260918,513948299,304224961,4725357,0,40.25,6.95,130.4
208,839,0,27965,428209544,303243,451693075,254401231,4502967,0,40.21,6.92,130.5
209,24654,110592,163575,454863357,291227,493226438,338072306,4587093,216,40.25,6.95,130.6
210,353,0,62317,357379322,239450,395077879,244651778,3875475,0,40.24,6.93,130.6
211,360,0,63765,653905044,461998,698285735,393853626,6979209,0,40.16,6.94,130.7
212,342,0,40171,334806807,240304,384355608,204349093,3849038,0,40.18,6.92,130.8
213,789,0,22686,344863078,244472,369395114,217139695,3647987,0,40.2,6.92,130.9
214,4896,110592,183682,486626257,337689,527951682,341453479,5022194,216,40.23,6.95,130.9
215,2236,15966208,112422,622514669,437621,649219802,384818817,6262120,31184,40.17,6.93,130.9
216,937,0,49617,356531666,236450,353099668,212821852,3378826,0,40.26,6.93,131.0
217,861,0,32253,408812007,284730,420060062,246280860,4070107,0,40.24,6.93,131.1
218,1200,0,61174,517132760,362754,580252862,334564591,5555501,0,40.27,6.94,131.1
219,12736,253952,148967,475026335,312390,505060304,343662040,4903285,496,40.24,6.93,131.1
220,1205,57344,26792,370041778,274884,391431714,223681583,3830033,112,40.29,6.91,131.1
221,756,0,62038,474396398,329164,490767488,282738618,4836490,0,40.27,6.93,131.2
222,1047,0,42906,468524422,329048,485771148,277450751,4747036,0,40.14,6.9,131.2
223,843,0,74668,587067250,417344,635686403,365083141,6102369,0,40.26,6.91,131.2
224,10625,196608,190361,506777514,372487,558014795,348622069,4859497,384,40.23,6.93,131.2
225,1776,0,92640,397797869,263112,418127467,242237098,3983772,0,40.31,6.93,131.2
226,1262,0,64092,567383488,395735,607345286,344207378,5886887,0,40.22,6.92,131.2
227,1414,0,24479,395124261,285921,428692262,243337397,4360506,0,40.26,6.92,131.3
228,909,0,40532,286616864,171793,313537293,198434482,2792149,0,40.23,6.88,131.3
229,5092,110592,215761,611403135,399404,671636762,407602367,6021712,216,40.27,6.95,131.3
230,1812,0,70105,375218063,252811,400870237,241278076,3606561,0,40.32,6.94,131.2
231,1625,0,55714,564984966,400114,605301841,344005360,5913069,0,40.24,6.92,131.3
232,1097,0,46389,414445490,297766,450044596,245698996,4389533,0,40.32,6.93,131.4
233,2383,0,43169,326744917,210358,391591230,230033247,3758632,0,40.27,6.93,131.3
234,17082,110592,133251,430455029,270497,464453458,312796767,4133489,216,40.24,6.93,131.3
235,1721,0,85082,698580742,449194,735353840,431256686,7166984,0,40.24,6.94,131.3
236,816,0,65715,467353596,314265,483825756,277853969,4730675,0,40.26,6.91,131.4
237,384,0,38690,348951887,216715,348387630,220270982,3388789,0,40.31,6.92,131.4
238,410,0,28113,438659518,315014,479244675,265123811,4804544,0,40.26,6.93,131.3
239,3945,110592,229506,470692426,308953,524396782,348961034,4558498,216,40.25,6.94,131.3
240,2855,0,60735,490215807,349728,515935978,294197957,5142238,0,40.24,6.95,131.3
241,728,200704,46161,472193077,326049,489250219,279851217,4845701,392,40.27,6.93,131.4
242,846,0,36120,370401566,244928,388092415,237941349,3690239,0,40.28,6.94,131.4
243,1208,0,46870,532850921,354070,549775964,334945489,5384975,0,40.29,6.92,131.4
244,16953,110592,141308,411057502,257636,446488880,293987757,3878277,216,40.23,6.95,131.3
245,1444,0,130307,491901034,298503,518717092,298901822,5070853,0,40.22,6.93,131.4
246,867,16089088,98206,396059738,239234,406430643,293356128,3670036,31424,40.29,6.93,131.4
247,679,0,62513,563394096,372640,593684159,348892226,5856547,0,40.22,6.92,131.4
248,894,0,26021,330571948,225168,338645484,209525133,3289213,0,40.25,6.94,131.4
249,9258,253952,187662,537667009,387136,569044761,348380198,5363000,496,40.2,6.95,131.4
250,1325,0,68044,423190216,282005,450833037,264478050,4105353,0,40.21,6.93,131.4
251,1623,86016,70501,530232416,381885,590342420,328080008,5631755,168,40.25,6.95,131.4
252,942,0,34170,403900987,293029,417288756,238811118,4124650,0,40.29,6.91,131.4
253,1211,0,51492,430756994,245631,473972910,318005783,4013494,0,37.65,6.3,131.4
254,5039,598016,134977,443016675,135602,489167423,402050411,3201606,1168,28.37,5.6,131.4
255,238,0,18327,396889610,156491,473330480,284358572,3221009,0,24.63,5.18,124.6
256,155,86016,8052,396557406,168005,413898445,255120495,2995940,168,24.84,5.07,106.9
257,166,0,4674,484162401,164929,528059589,321476226,3711589,0,24.69,5.02,99.6
258,175,0,7906,309814734,115320,314146601,204530206,1988294,0,24.2,5.06,99.6
259,9780,425984,121455,492841438,244848,594311199,417938522,4287752,832,29.25,5.46,99.4
260,870,0,19789,473995120,182674,537607131,332392971,3919623,0,24.0,5.22,99.3
261,3954,28672,92015,383760163,126407,486297230,318371184,3199942,56,26.12,5.36,108.8
262,1221,0,28443,426971070,189614,463044986,280743569,3350124,0,26.0,5.21,97.5
263,192,0,4157,408293514,176087,426989471,264230241,2933756,0,24.39,5.09,104.1
264,12754,6348800,117754,515121676,210278,540185176,422214352,3692773,12400,28.91,5.53,103.6
265,887,0,57633,512733356,227448,592872573,360989524,4408812,0,27.87,5.25,103.0
266,268,0,9679,462771331,198661,516960901,303798248,3457222,0,24.0,5.12,108.7
267,380,0,6520,287668947,74801,323717121,219469952,1872564,0,24.11,5.08,108.2
268,541,0,13681,434525919,188548,490943370,301432186,3248908,0,24.18,5.03,97.3
269,4460,425984,96806,381543642,154658,436946684,276008889,2964748,832,25.39,5.4,97.3
270,1328,0,30794,386555949,211515,391282580,240957135,3189640,0,39.38,5.46,97.4
271,426,0,5161,543586830,358570,563921408,340227069,5608266,0,39.94,5.19,97.9
272,207,0,4329,316364724,208617,331659526,199363627,3419386,0,40.01,5.5,128.8
273,1580,0,10159,333827999,241131,384010825,214479205,3706402,0,40.08,6.03,128.7
274,6708,110592,97879,453989388,321978,499467608,310868519,4783363,216,40.22,6.82,128.8
275,1356,0,34296,699300170,481151,731141605,424537036,7022984,0,40.17,6.79,128.9
276,289,17862656,10136,358062845,252135,390083561,223043545,3926650,34888,40.16,6.74,129.1
277,627,0,22892,454945328,323722,493137807,293912154,4959138,0,40.19,6.81,129.4
278,772,0,6029,430853745,280435,430365460,262257443,4380626,0,40.21,6.8,129.5
279,18504,253952,135903,636022415,410220,685820578,433056108,6277651,496,40.16,6.91,129.7
280,783,0,27199,425840246,265340,433889351,265388920,4168956,0,40.14,6.91,129.8
281,685,1232896,11131,424903606,294031,442480508,256903117,4376067,2408,40.21,6.92,130.0
282,846,0,38977,399324482,283758,431384685,244943133,4240500,0,40.18,6.78,130.2
283,168,0,12664,597627533,421411,635670323,360589568,6327903,0,40.18,6.85,130.3
284,5251,110592,153688,388504844,241011,416851413,285579991,3606085,216,40.17,6.92,130.3
285,1158,0,60073,396882168,251955,418373773,250616487,3864116,0,40.1,6.88,130.4
286,499,28672,11161,565088781,395648,583879990,335663064,5785667,56,40.17,6.91,130.5
287,284,0,15394,308089187,215673,345225191,208039457,3376965,0,40.28,6.89,130.6
288,475,0,5979,408689198,268582,417060767,266043016,4109697,0,40.21,6.92,130.6
289,11065,110592,150579,606050142,360614,602028726,422647977,5211966,216,40.17,6.95,130.7
290,1262,0,54354,332236555,219109,344009637,235223251,3482000,0,40.24,6.92,130.7
291,374,0,32917,433110065,252845,459155746,285793310,4281354,0,40.27,6.91,130.9
292,406,0,15801,326006036,209767,334277909,209277362,3149791,0,40.23,6.89,130.9
293,1404,0,54401,583353332,407977,616671506,358447459,6068380,0,40.2,6.93,130.9
294,7754,110592,132324,474451084,315477,513442302,334183536,4605600,216,40.16,6.92,131.0
295,1057,0,27856,388169572,259233,403277671,239115995,3977894,0,40.2,6.92,131.0
296,1003,0,17301,402145388,248788,427996627,238836931,4257298,0,40.21,6.91,131.1
297,585,0,14325,562443609,375760,580663267,353198432,5581135,0,40.29,6.92,131.1
298,497,0,5500,345537888,238845,359453735,208838560,3659577,0,40.21,6.92,131.1
299,15451,110592,117718,596550556,385231,628936567,420350553,5700811,216,40.24,6.93,131.1
300,1215,0,23415,345158113,248257,368235120,212558801,3542815,0,40.25,6.91,131.0
301,580,0,11054,360722061,250439,381649218,223885434,3640934,0,40.21,6.89,131.1
302,995,0,15364,482076811,321632,515761971,299914440,4904283,0,40.27,6.92,131.2
303,511,0,9038,333402680,184068,360361828,220901581,3357780,0,40.24,6.91,131.1
304,3683,110592,129066,669516074,441382,709621902,443987654,6595198,216,40.16,6.94,131.1
305,624,0,59923,362717315,252316,390199701,221509622,3825580,0,40.19,6.93,131.1
306,961,0,17499,437609683,296856,466338542,262974838,4537084,0,40.16,6.94,131.2
307,1259,14630912,15722,379806722,267018,410897160,242960633,3924637,28576,40.23,6.9,131.2
308,495,0,17659,558818973,402968,593467496,335429355,5917179,0,40.29,6.91,131.2
309,10359,253952,141303,414309673,250780,447356783,300855556,3592211,496,40.23,6.92,131.1
310,1007,0,34438,437267183,312784,482145825,280877120,4739698,0,40.21,6.93,131.2
311,228,0,22268,538906338,382891,594043483,320327087,5773303,0,40.22,6.92,131.2
312,232,0,15641,371467846,258259,382961747,223559808,3586742,0,40.25,6.91,131.2
313,241,0,20856,495534271,316299,506189431,307474706,5045918,0,40.27,6.93,131.2
314,17582,110592,107474,413309442,263937,466697295,313005536,4175942,216,40.32,6.94,131.2
315,5578,0,41721,433773492,295933,474575609,284174175,4590511,0,40.22,6.91,131.2
316,834,0,34168,503801782,340250,530079495,310434585,5167984,0,40.23,6.94,131.2
317,5938,0,40440,391203637,221270,401490445,236189626,4052438,0,40.26,6.98,131.3
318,1845,0,9440,329121166,224378,351279719,204041390,3695877,0,40.29,6.91,131.3
319,14241,110592,118548,597799065,384493,655751155,437170387,6022633,216,40.27,6.93,131.3
320,854,0,26458,329114125,235660,392402128,209376102,3881407,0,40.21,6.9,131.2
321,603,0,14760,403328299,267134,410799215,246140572,4061170,0,40.21,6.92,131.3
322,738,28672,16718,475204253,308882,541946662,298829187,5377876,56,40.28,6.92,131.3
323,778,0,12723,306057998,178952,316848099,191433629,3228919,0,40.26,6.92,131.2
324,15373,110592,160021,665424242,413935,707095939,454335383,6589464,216,40.25,6.93,131.2
325,1297,0,68724,375907046,261645,429982532,242998120,4158435,0,40.25,6.93,131.2
326,501,0,17226,396482346,280307,421087116,240251162,4199703,0,40.29,6.93,131.3
327,555,0,18033,486704393,314369,527603832,305440351,5095597,0,40.28,6.9,131.3
328,214,0,11409,311974996,216248,344926314,199572598,3346669,0,40.31,6.93,131.2
329,4750,139264,177068,585842612,374122,636756176,434996394,5670095,272,39.72,6.8,131.2
330,1220,0,30348,329756988,163032,362040143,208556169,3161674,0,24.42,5.28,131.2
331,541,0,8376,357865932,157810,399869026,236858923,2720597,0,24.36,5.05,131.1
332,430,0,3512,326685345,112608,345593550,207968084,2321275,0,24.03,5.09,98.9
333,488,0,3760,391448144,169404,413318962,243925790,3013788,0,25.56,5.15,98.8
334,11584,282624,105043,485581742,236540,567374190,416897905,4228418,552,28.69,5.37,98.6
335,2575,0,23631,393949382,174394,496795460,315978560,3634272,0,24.62,5.3,98.9
336,123,0,5592,425200986,164368,458552364,278641745,3232601,0,23.57,5.09,107.6
337,65,0,3956,312110896,130921,345804064,200105131,2327186,0,24.76,5.03,99.2
338,402,14901248,3199,408367835,141982,439614808,268688328,3229421,29104,23.94,5.14,98.9
339,7023,368640,105265,429426270,175683,489419023,333193131,3483240,720,26.53,5.38,98.9
340,999,0,45864,532939675,222818,580372757,367551072,3904065,0,26.13,5.4,98.8
341,546,0,5980,280036203,144633,267584694,170378737,2037980,0,39.91,5.29,99.3
342,627,0,5689,421738149,288120,449928889,260953831,4442525,0,39.98,5.34,99.7
343,481,258048,4266,505051253,355243,534409928,316160325,5140763,504,40.07,5.59,128.8
344,7141,110592,128088,432337585,260903,470783896,328734256,4186098,216,40.17,6.91,128.8
345,946,0,16768,313874774,215480,352357477,211901955,3502067,0,40.14,6.84,128.8
346,410,0,50220,458752848,293001,475910899,293050945,4558687,0,40.16,6.69,129.1
347,367,0,8424,525493543,315828,555115982,318801880,5462449,0,40.15,6.62,129.3
348,98,0,4431,265522331,164056,280496832,162235878,2603307,0,40.19,6.73,129.5
349,7536,110592,122065,571477564,378318,585486582,398128030,5183833,216,40.23,6.91,129.6
350,2677,0,36461,490303559,320448,523262852,317991668,4917917,0,40.13,6.89,129.7
351,339,0,13714,295392297,196075,319359697,195567352,2931632,0,40.16,6.87,129.9
352,1545,0,19613,508158058,331911,525295008,310038000,5227102,0,40.23,6.82,130.1
353,183,57344,9289,414777285,266426,416434096,253417899,4129940,112,40.27,6.9,130.2
354,4472,167936,155433,435962859,279453,501600894,312861280,4665110,328,40.29,6.92,130.2
355,515,0,26969,359055020,216174,403408346,247174256,3309888,0,40.25,6.91,130.3
356,346,0,14772,444579648,286798,476073932,280056897,4802646,0,40.23,6.89,130.4
357,252,0,12533,263024003,169955,266590715,172985459,2570999,0,40.25,6.92,130.5
358,418,0,11708,383967105,250948,397241251,251134069,3663448,0,40.22,6.91,130.6
359,21680,86016,106512,619714847,397902,661574730,426301090,6488850,168,40.28,6.95,130.7
360,1265,24576,28899,367311698,260658,389528178,226107352,3921479,48,40.26,6.94,130.7
361,908,0,21222,436477564,309864,492357756,278028873,4824188,0,40.28,6.93,130.8
362,949,0,13868,328723054,224495,357504844,203342394,3500888,0,40.28,6.91,130.8
363,632,0,18793,450986606,301155,476805866,282413144,4592166,0,40.21,6.94,130.8
364,4619,86016,175863,400270074,275202,434295922,287873691,3913113,168,40.23,6.95,130.9
365,1305,24576,78778,541220117,375387,569554176,332174169,5457448,48,40.29,6.92,130.9
366,255,0,15068,308595664,206825,294274654,190397680,2909245,0,40.21,6.92,131.0
367,274,0,23833,485744423,340617,504463050,300731416,4916332,0,40.29,6.91,131.0
368,726,15228928,11848,402578920,265444,403385199,242617163,4011239,29744,40.25,6.92,131.0
369,12026,253952,130153,446042505,317902,501921720,325304446,4581384,496,40.25,6.94,131.0
370,1886,0,52840,536429985,376163,569003678,336875155,5756798,0,40.21,6.88,131.0
371,811,0,24251,405492681,270950,424470879,243977734,4386780,0,40.31,6.92,131.1
372,1143,0,14375,346085693,219741,412878771,228088688,3809799,0,40.22,6.91,131.1
373,1309,0,16289,369734455,260778,381479616,225729904,3903705,0,40.22,6.92,131.1
374,14355,86016,144111,479378011,290064,554622398,378018189,4679285,168,40.27,6.9,131.1
375,1510,24576,22486,287407554,202086,319532124,179623096,3172423,48,40.2,6.91,131.1
376,2412,0,72728,535200088,345285,574187975,364132539,5498397,0,40.2,6.91,131.2
377,765,0,42499,461846676,300825,485281359,285969744,4545015,0,40.19,6.91,131.2
378,604,0,9587,352536693,244009,385012340,220305076,3782686,0,40.27,6.95,131.2
379,9279,282624,128749,437653638,268682,463299376,316660928,4107803,552,40.24,6.93,131.2
380,947,0,47768,514365529,321165,544548700,335588640,5025304,0,40.27,6.92,131.2
381,693,0,17208,383879208,270130,402361189,224374560,3970709,0,40.22,6.91,131.2
382,550,0,26940,446932904,306318,490923793,282108370,4522700,0,40.17,6.94,131.2
383,285,0,26330,351849655,220545,384148946,239754318,3356740,0,40.16,6.92,131.2
384,8778,139264,156480,449412600,304404,472208459,325060567,4240133,272,40.15,6.94,131.3
385,1939,0,99632,521910157,351504,564167095,339085959,5416019,0,40.22,6.9,131.2
386,666,0,19713,327794895,230556,356660926,199021282,3615602,0,40.22,6.95,131.3
387,6481,0,33838,474424017,294977,489922945,290745931,4825182,0,40.24,6.97,131.3
388,498,0,23656,344833911,247512,379051975,212689577,3728542,0,40.29,6.93,131.3
389,5519,86016,101545,455011650,278313,486131356,302080442,4257505,168,40.31,6.94,131.3
390,4846,24576,46510,526699829,347816,561922853,331966287,5263469,48,40.26,6.91,131.3
391,537,0,16629,323290754,234584,340453529,191357941,3627544,0,40.33,6.93,131.3
392,546,0,14504,443124609,292108,473165113,283996772,4554940,0,40.38,6.89,131.3
393,436,0,14177,410736994,265464,423480768,252922218,4405350,0,40.32,6.92,131.3
394,9211,0,128657,413097916,250043,443032532,308655347,4258553,0,40.3,6.92,131.3
395,1139,110592,24223,336641946,238168,359176172,213485835,3809338,216,40.25,6.93,131.3
396,685,0,28886,521058765,339071,579757778,317201479,5742689,0,40.19,6.9,131.3
397,750,0,22379,402225507,266366,433078478,258882645,4006136,0,40.22,6.94,131.3
398,837,0,16480,364511789,243778,379975549,219127812,3707813,0,40.2,6.92,131.3
399,12605,14176256,141357,443243262,287934,490257886,335293325,4266707,27688,40.2,6.92,131.3
400,2139,282624,46063,401616955,282541,437270282,268979632,4350500,552,39.56,6.76,131.2
401,913,0,27432,424496725,251995,476920047,277728101,4064919,0,26.83,5.27,131.3
402,424,0,6018,407707681,167694,439821191,266704033,3007050,0,24.39,5.08,131.2
403,300,0,8571,403866815,165928,441213105,259888292,3183270,0,24.7,5.15,104.3
404,9156,0,112039,434299142,193011,485371878,373220039,3706698,0,27.65,5.53,98.9
405,3052,282624,65355,419668679,196122,439239451,289574828,3132073,552,25.85,5.58,98.8
406,6565,0,277201,480630663,157577,574495419,391871244,3466939,0,23.9,5.3,105.4
407,1472,0,14864,324743066,119618,358318769,236387640,2194190,0,23.94,5.09,105.1
408,478,0,3212,419614353,172950,484640424,278050289,3141067,0,24.28,5.14,97.5
409,6844,0,111164,452464895,204711,502699927,318673359,3391607,0,25.28,5.32,97.6
410,1443,253952,52812,494467741,204978,510245250,312729367,3298444,496,24.84,5.29,97.6
411,289,0,13161,393989582,224415,416333131,244223334,3600444,0,39.06,5.44,98.1
412,338,0,7971,313164050,216396,386062288,199134378,3847558,0,39.97,5.44,98.2
413,144,0,2540,365097487,253555,386067419,221376614,3949918,0,40.04,5.61,125.5
414,5297,258048,165336,555371016,340070,596169956,370727506,5507434,504,40.15,6.91,125.9
415,1785,110592,21498,374153883,259380,393339756,232241877,3951457,216,40.08,6.73,126.3
416,505,0,11365,534402825,375263,579888769,335995573,5779604,0,40.09,6.7,126.9
417,460,0,4900,302356089,187872,314158244,187585612,3001740,0,40.11,6.7,127.4
418,2140,0,15207,458252908,295167,442717450,277523716,4399330,0,40.25,6.86,127.8
419,12375,0,165621,446981698,288843,484787943,315136463,4599400,0,40.1,6.92,128.1
420,1624,139264,26463,478251471,327503,502242456,298463054,4864620,272,40.15,6.89,128.5
421,612,0,8662,333262802,233920,350326849,208481657,3650317,0,40.09,6.87,128.9
422,851,0,36541,520469063,365550,542822030,313579272,5442960,0,40.15,6.86,129.1
423,748,0,10749,335011836,231054,350133171,203873034,3341539,0,40.08,6.87,129.4
424,2793,0,177092,507087211,349810,551951665,376878025,4993106,0,40.19,6.94,129.6
425,1367,110592,67818,324010290,226338,340852362,209498394,3242171,216,40.17,6.9,129.7
426,402,0,26183,474369659,310793,481715833,290834149,4644558,0,40.18,6.88,130.0
427,287,0,16453,372209854,267980,390550987,221371716,3861105,0,40.17,6.91,130.1
428,288,0,16781,495640665,332317,530011746,312490723,5206095,0,40.24,6.92,130.2
429,12344,0,280565,438837090,261068,497737691,366630064,4088282,0,40.2,6.89,130.3
430,4835,15790080,65727,532114562,335136,558469330,338777175,5174059,30840,40.26,6.92,130.4
431,255,0,18199,354478577,240007,373935242,216931832,3629964,0,40.19,6.93,130.6
432,782,0,22585,372080234,259262,386767039,220852450,3969913,0,40.2,6.93,130.6
433,855,0,17527,568192179,387996,660349430,342274213,6517932,0,40.21,6.95,130.7
434,10651,0,231936,450940036,292671,506731271,330662731,4676515,0,40.15,6.96,130.8
435,664,253952,24759,369070818,257971,416331850,234330018,3888830,496,40.17,6.9,130.8
436,468,0,24184,466134055,302867,491990619,289699427,4518990,0,40.21,6.93,130.9
437,968,0,15877,442991970,273225,462795172,287945740,4042637,0,40.2,6.91,130.9
438,418,0,11998,281203156,190501,307834626,177627951,2815363,0,40.22,6.92,130.9
439,13588,0,117097,533054737,313023,554499627,371029613,5158167,0,40.19,6.92,131.0
440,1497,110592,28194,387559484,268668,411843064,247397412,4062545,216,40.17,6.88,131.0
441,732,0,27487,508271642,341777,548517481,320123896,5232802,0,40.23,6.93,131.1
442,849,0,16358,372690652,259714,397703705,223638991,3901860,0,40.22,6.92,131.1
443,986,0,18978,337485650,253160,404863167,245523466,3461680,0,40.25,6.92,131.1
444,8805,0,148251,352871146,204956,403646301,285032698,3708016,0,40.23,6.93,131.1
445,1382,311296,79069,551518537,386690,613012003,338480929,5842367,608,40.3,6.92,131.1
446,877,0,20791,322735938,171737,330735276,199624468,3029442,0,40.27,6.91,131.2
447,794,0,20461,585419003,400070,608698968,352887907,6054897,0,40.32,6.92,131.2
448,406,0,13018,259507951,136781,295453674,174748812,2738698,0,40.33,6.93,131.2
449,8314,0,184297,511512008,327554,562531351,348016739,4812797,0,40.25,6.94,131.2
450,1716,110592,27542,500552155,350623,532010958,314630707,5190821,216,40.28,6.87,131.2
451,372,0,10667,293954851,207532,309067662,189299302,2957983,0,40.29,6.92,131.3
452,648,0,14194,374847204,221808,387416123,241636236,3665937,0,40.23,6.94,131.3
453,288,0,13200,370603355,253805,377364042,222535314,3789222,0,40.32,6.93,131.3
454,4993,0,154882,478151818,339907,561672833,353350918,5003752,0,40.23,6.93,131.2
455,1072,167936,56312,546798821,374674,580944231,347898463,5696786,328,40.25,6.9,131.2
456,282,0,23289,358026653,249986,391604627,226135959,3763681,0,40.16,6.93,131.3
457,707,0,103376,402819188,258932,443703381,272068503,4214650,0,40.21,6.97,131.3
458,205,0,22263,363410262,259131,392055555,231772355,3899425,0,40.2,6.96,131.2
459,11845,0,122104,467377853,301039,509426070,325973668,4612480,0,40.22,6.91,131.3
460,470,167936,42859,491926360,307343,536954307,327277701,5158638,328,40.24,6.91,131.3
461,937,14467072,17200,372997828,252226,384248918,224031647,3889731,28256,40.2,6.88,131.3
462,585,0,14502,361082543,221395,390350571,224654686,3861265,0,40.21,6.91,131.3
463,705,0,15154,498438972,337387,520687137,306460985,5093436,0,40.22,6.93,131.3
464,5532,0,122646,430547566,286354,471717065,304229216,4168142,0,40.26,6.93,131.3
465,534,253952,67198,486421014,294688,545034855,313520060,5156042,496,40.28,6.94,131.3
466,428,0,18261,451140356,262622,458413084,278615770,4282899,0,40.3,6.92,131.3
467,555,0,38226,412781494,278072,428783367,261039514,4224722,0,40.28,6.89,131.3
468,419,0,17924,444976102,287775,467080797,277567764,4447613,0,40.35,6.93,131.2
469,14860,0,124143,416988926,191955,474264777,309963442,4152135,0,40.3,6.91,131.3
470,419,368640,27455,361649726,245224,400479778,237057474,4021340,720,40.09,6.83,131.3
471,2002,0,20392,474764836,267459,496444947,320843672,4458160,0,40.16,6.45,131.3
472,864,0,130853,364284355,126184,406475429,324151453,3373229,0,30.16,5.81,131.3
473,1165,0,33818,383631828,166490,413602771,265474519,2937920,0,25.47,5.33,131.2
474,4007,0,70145,452306374,208301,486526615,326812607,3148988,0,24.79,5.13,115.1
475,709,397312,9404,413775204,160236,457824134,260897043,3238533,776,24.46,5.02,98.9
476,254,86016,5547,363593204,133728,390708211,232735031,2561757,168,23.93,5.09,99.1
477,4388,0,60852,492593339,183603,558741208,377882771,3550802,0,25.66,5.2,99.0
478,98,0,9889,347467142,117396,432318427,263508398,2908017,0,25.17,5.31,98.8
479,3677,0,64683,461537949,205848,524164239,329918132,3543192,0,23.74,5.19,99.1
480,509,339968,9947,241738535,89145,318656896,158479396,1899247,664,23.93,5.08,99.1
481,192,401408,3455,344990556,107567,409459505,247637371,2708969,784,23.64,5.15,99.0
482,3585,0,69932,400232069,173874,430173097,299826210,2402021,0,24.75,5.31,98.9
483,1403,0,13400,483419122,201896,563464029,350449819,3661588,0,25.62,5.35,98.5
484,6636,0,64232,444971074,203011,497741644,321523618,3423864,0,25.13,5.2,98.7
485,1204,110592,7421,355480065,157202,479137327,263960143,3242382,216,24.26,5.12,98.8
486,521,28672,3719,368755374,145218,387018067,245994967,2892407,56,23.77,5.06,99.2
487,354,0,3484,287577952,91124,361430111,215313680,2262631,0,23.04,5.06,99.0
488,206,0,1512,244552255,100169,267562882,160003764,1897275,0,32.73,5.77,98.9
489,13722,0,137192,471295041,282519,529035898,349927226,4199889,0,40.18,6.82,98.6
490,3420,253952,85263,408328329,288522,430361969,256320561,3889798,496,40.26,6.92,110.9
491,5196,15470592,50482,493481249,340797,536343096,314366175,5299479,30216,40.14,6.99,131.6
492,2826,0,166393,293354286,168256,312767190,194028882,2776215,0,40.21,6.93,131.5
493,3701,0,122667,569932022,402194,593916059,343568383,5949259,0,40.1,7.02,131.6
494,11358,0,208679,400911591,258482,438208552,269088834,3602517,0,40.13,6.93,131.5
495,3483,253952,89816,406769802,275465,436336732,264962731,4067809,496,40.2,6.95,131.6
496,2770,0,118655,483155383,288025,511044175,295122789,4811048,0,40.18,6.94,131.6
497,1327,0,83137,419440613,308710,447263886,249194907,4403605,0,40.17,6.96,131.6
498,2126,0,193434,564871800,381404,615871069,382157445,5800565,0,40.2,6.98,131.6
499,12854,0,232670,452366731,282294,483418381,329118174,3976133,0,40.24,6.99,131.6
500,3159,110592,148887,432935049,268602,451712181,282708292,3981876,216,40.22,6.98,131.6
501,503,0,99562,349410364,232535,366880254,217144453,3430827,0,40.25,6.96,131.6
502,949,0,154998,482905691,312351,519746695,298578914,4984675,0,40.24,6.96,131.6
503,1330,0,68746,384140859,269915,400043126,226802256,3947704,0,40.26,6.98,131.6
504,7715,0,256184,456496252,301790,516733026,322876789,4687657,0,40.22,6.95,131.6
505,1805,110592,177872,520418206,334500,549221624,330409201,4980079,216,40.28,6.99,131.6
506,1172,0,120783,341976041,250263,394481661,213866444,3931993,0,40.23,6.92,131.6
507,3332,28672,49925,352877172,224192,355370309,210933330,3424620,56,40.37,6.98,131.6
508,2571,0,146768,513524024,328209,532765499,312497889,5122254,0,40.25,6.99,131.6
509,7765,0,233727,521869163,321683,518137686,328304227,4959706,0,40.26,6.96,131.6
510,2916,110592,88062,365878053,266769,389598842,224719115,3975741,216,40.28,6.96,131.6
511,2142,0,129102,492371814,342279,524299207,303650121,5006669,0,40.32,6.95,131.6
512,3601,0,104020,343467056,232065,420673272,239958979,4261262,0,40.31,6.94,131.6
513,1162,0,108816,390913838,274213,414069871,238887985,4133881,0,40.33,6.99,131.6
514,16698,0,209481,534569619,378880,626020714,371631586,5628284,0,40.32,6.95,131.6
515,472,110592,128651,323460032,189095,362600578,210911321,3310896,216,40.28,6.97,131.6
516,4416,0,152892,500460853,303204,496986556,319977781,4658816,0,40.28,6.97,131.6
517,732,258048,97324,385355905,283269,428157725,235366167,4293555,504,40.22,6.95,131.7
518,2812,0,71944,374907957,257193,399603005,229460118,3910841,0,40.28,6.95,131.6
519,9379,0,183306,504914327,333378,520130411,331677157,4694932,0,40.3,6.98,131.6
520,7479,110592,89085,596312779,400491,630334115,365647485,6102812,216,40.24,6.97,131.6
521,1951,0,74409,371097504,252485,380332220,221027626,3584324,0,40.27,6.96,131.7
522,2624,15110144,171076,442417862,279799,505477423,304286017,4707478,29512,40.33,6.98,131.7
523,2325,0,90248,312669043,220437,338841636,193588811,3112597,0,40.27,6.91,131.6
524,14629,0,216896,463612358,292137,488172428,326413446,4315669,0,40.23,6.92,131.6
525,2551,253952,189307,659258476,475695,720411861,393960052,7157985,496,40.25,6.98,131.6
526,2975,0,88631,393581744,263141,401766681,238913275,3997883,0,40.25,6.95,131.7
527,2593,0,148894,352422063,259698,454095861,246882247,3924384,0,40.31,6.96,131.7
528,1801,0,87534,301091564,198495,312774586,191467964,2833425,0,40.33,6.94,131.6
529,10556,0,259701,619963505,376882,637567389,409536625,5888242,0,40.33,6.95,131.6
530,3180,110592,116806,401272928,236082,390747069,230656744,3901083,216,40.31,6.96,131.6
531,4808,0,130165,459936079,290823,508424800,299238746,4918924,0,40.22,6.96,131.7
532,804,0,91795,389089039,280159,420799727,231546465,4107997,0,40.26,6.93,131.7
533,1165,0,132973,333179280,226312,374095079,227290080,3553993,0,40.3,6.98,131.7
534,14540,0,302902,460980057,268166,562701958,380962820,4773228,0,40.3,6.96,131.6
535,808,110592,155564,434859938,283049,469591702,260676858,4441950,216,40.34,6.95,131.6
536,3113,0,116005,523244385,366809,535934209,312334397,5148324,0,40.36,6.93,131.7
537,684,0,131129,331164503,224869,352333430,212822282,3374569,0,40.39,6.94,131.7
538,1920,0,140677,505988381,341167,526531188,301413886,4923407,0,40.35,6.96,131.6
539,7186,0,230712,448756457,296540,509568901,300475827,4798393,0,40.33,6.93,131.6
540,3021,110592,106257,396785348,258965,420458811,236976838,4190041,216,40.37,6.97,131.6
541,857,0,166346,564863369,382614,592228764,343799926,5687867,0,40.32,6.96,131.7
542,1814,0,81615,317455662,207991,329660006,194978205,3312661,0,40.41,6.96,131.7
543,3353,0,96320,407757299,282736,413772117,237351060,4051835,0,40.39,6.96,131.6
544,7641,0,283227,589369765,380457,637620931,415477517,5638527,0,40.37,6.96,131.6
545,2981,110592,131848,374623455,251481,427669921,229780633,4173132,216,40.38,6.93,131.6
546,4055,0,217823,452910196,277742,546002765,291850043,5194684,0,40.33,6.98,131.7
547,5281,0,105470,447693849,274158,442523679,272474524,4380804,0,40.43,6.95,131.7
548,2543,0,102174,382332624,266793,414519819,241408672,4211783,0,34.28,6.27,131.7
549,10152,0,152982,362636620,151285,508897795,320849162,3391958,0,24.27,5.38,131.6
550,587,282624,10588,329168898,122432,386692169,219303695,2536257,552,24.01,5.15,123.9
551,257,0,5877,367849597,138038,394584757,238828738,2694720,0,23.81,5.09,98.6
552,131,0,5708,345714218,138190,363766162,226249884,2512820,0,26.63,5.34,98.6
553,4121,16351232,91452,452957503,214275,524123560,342504203,3986770,31936,26.55,5.37,98.4
554,6714,0,62754,549625774,271650,599489318,391510429,4166377,0,25.87,5.27,98.9
555,1578,311296,14112,326112531,109595,381123307,243522351,2374077,608,23.81,5.14,99.3
556,280,0,10427,361793826,123178,417478257,263265689,2704572,0,23.97,5.07,99.7
557,125,0,1619,339029145,114813,342005527,208815718,2259265,0,25.86,5.28,99.6
558,7183,0,79615,637099281,244664,708312405,488241934,4391816,0,26.51,5.32,99.2
559,3774,0,51915,433132726,205847,459444463,313654792,3144973,0,31.44,5.63,99.6
560,946,884736,25813,360617117,239717,386038733,226393014,3732521,1728,40.27,6.88,99.7
561,1257,0,58032,346447194,206467,380736608,227104616,3777859,0,40.18,6.93,108.7
562,8987,0,232575,671225943,438350,771201350,452348882,7543963,0,40.18,6.96,131.2
563,1303,0,63134,375278656,267493,392544484,225072243,4006332,0,40.25,6.95,131.2
564,3506,5591040,250325,343923748,230280,395891471,249985648,3579777,10920,40.22,7.02,131.3
565,9660,282624,155802,561668657,378316,592407704,340332224,5778086,552,40.3,6.94,131.3
566,3902,0,75634,263083685,173111,324136180,192035949,3240294,0,40.22,6.93,131.4
567,2546,0,79721,470707536,335841,511137179,300842155,5070030,0,40.26,6.96,131.4
568,3316,0,124058,496325237,355451,534004590,302979009,5357016,0,40.23,6.95,131.4
569,14337,0,223641,480123214,312936,507996419,338925433,4744666,0,40.22,6.94,131.4
570,2896,110592,124306,485905185,329364,534615386,317158221,4869716,216,40.25,6.97,131.4
571,1592,0,100361,297134392,193459,288252921,182558860,2680338,0,40.32,6.97,131.5
572,1544,0,152624,568534147,405220,596223157,330178587,5952851,0,40.3,6.96,131.5
573,1141,0,63113,301382131,192373,312240417,179721676,2902991,0,40.25,6.94,131.5
574,6770,0,210089,473966098,286300,494765754,323532423,4606356,0,40.28,6.96,131.5
575,2813,110592,237626,630608698,457528,677235319,380608149,6749840,216,40.21,6.96,131.5
576,1493,0,94331,277710064,179600,301878532,171021925,2574692,0,40.23,6.94,131.5
577,3718,0,131205,549998476,341262,575502955,338683998,5409425,0,40.2,6.94,131.6
578,2022,0,40959,378515855,272202,404676356,229997280,4108618,0,40.16,6.94,131.5
579,10741,0,194938,461638547,286704,495919035,322300126,4752690,0,40.19,6.94,131.5
580,2263,110592,111640,397658951,288561,427882396,243921101,4312648,216,40.24,6.93,131.5
581,2155,0,138441,527016180,362521,570105799,319660422,5620378,0,40.29,6.98,131.6
582,3135,0,64971,339650861,187934,359767986,205964267,3561726,0,40.28,6.94,131.5
583,3353,15790080,63352,498248515,322812,515065832,307797398,4964285,30840,40.24,6.97,131.5
584,19759,0,189988,473886271,311951,502234681,332028094,4529062,0,40.22,6.95,131.5
585,1997,253952,124843,385631972,250668,410822231,248267466,3936189,496,40.19,6.97,131.5
586,1965,0,157615,374531875,272112,425582009,239408646,4199538,0,40.21,6.96,131.5
587,6618,0,70799,620371242,429443,664554226,388420756,6757799,0,40.24,6.97,131.5
588,1511,0,77435,353162703,233347,379399134,230355939,3862865,0,40.21,6.93,131.5
589,12651,1003520,129635,470817548,316711,499029579,327764844,4558971,1960,40.25,6.96,131.5
590,6576,110592,67238,626192129,425690,639990686,377425676,6180144,216,40.18,6.98,131.5
591,2904,0,63233,409494313,286686,436221156,254322335,4320549,0,40.26,6.93,131.6
592,1957,0,55019,342417837,212982,347729353,210185644,3334047,0,40.24,6.93,131.5
593,1635,0,130732,508842249,382486,579403246,334175344,5512553,0,40.27,6.97,131.6
594,5678,0,169887,441603267,313777,475286072,301508090,4396527,0,40.31,6.96,131.5
595,3990,110592,97345,467711306,308464,489226130,316815189,4390141,216,40.27,6.95,131.6
596,1618,0,75238,282713454,160326,292288507,185858578,2841978,0,40.21,6.95,131.6
597,1594,0,88937,412668198,298193,433391018,253264417,4163372,0,40.26,6.96,131.6
598,1649,0,155708,431282186,272554,453532145,267352072,3984292,0,40.29,6.97,131.6
599,5080,0,274125,589833210,436599,639105745,404678522,5822830,0,40.24,6.96,131.6
600,1420,110592,138194,369943290,236382,379289634,234979267,3519977,216,40.27,6.95,131.6
601,1664,0,128282,507513233,323756,515053682,319741872,4951847,0,40.19,6.95,131.6
602,622,0,108429,302393030,182904,319124508,202671036,3160336,0,40.28,6.92,131.6
603,708,0,78571,361602909,244672,410337514,236569938,4120689,0,40.24,6.96,131.6
604,10039,0,257629,698502676,450177,749626404,478868718,7126698,0,40.21,6.96,131.6
605,352,110592,125305,323945150,191175,359234055,223488685,3288164,216,40.23,6.95,131.6
606,378,0,171111,377192942,270850,423822418,228490241,4169300,0,40.28,6.96,131.6
607,794,0,167705,413619826,248517,435538742,267127816,4070850,0,40.28,6.96,131.6
608,1784,0,73452,459168386,332188,490954208,289948731,5003546,0,40.23,6.98,131.6
609,9214,0,239882,404657930,259259,467539463,323295353,4589316,0,40.16,6.94,131.6
610,4190,110592,32776,362592609,264968,387294617,229778505,3983929,216,40.18,6.97,131.6
611,1707,0,157543,603691947,433824,637771199,353119625,6453362,0,40.25,6.97,131.6
612,855,0,97371,359969305,270952,404221918,218853404,3967637,0,40.18,6.94,131.6
613,2250,0,111581,381002069,259171,410676476,230960034,4020571,0,40.26,6.97,131.6
614,7319,15396864,179205,401917824,308148,492813616,273184518,4479840,30072,40.2,6.96,131.6
615,3118,253952,65433,458476271,321805,478685835,270665211,5029712,496,40.16,6.96,131.6
616,1038,0,134662,606080031,416111,648408453,371642724,6505598,0,40.2,6.93,131.6
617,2240,0,108984,346741070,230009,364566040,222327670,3648985,0,40.23,6.94,131.6
618,1796,0,109297,404100143,273066,413791771,238308878,4031653,0,40.26,6.97,131.6
619,14385,28672,212997,597951578,441048,628800404,390329977,6097417,56,33.4,6.12,131.6
620,2454,282624,32028,362150835,148251,384036288,252919840,2774439,552,24.46,5.25,131.6
621,892,0,7180,439070276,191893,504256355,280471488,3422544,0,24.0,5.1,125.3
622,378,0,4508,322499519,128958,356208150,221108967,2261820,0,25.36,5.32,99.1
623,8902,0,98456,451152133,150096,564478279,370999227,3563471,0,24.99,5.44,98.9
624,5037,258048,58037,370508872,142193,481323613,287539790,3183777,504,24.42,5.22,99.1
625,424,110592,11935,398756658,146865,483529017,290783807,3238269,216,23.64,5.1,99.1
626,2619,0,78053,366065932,144088,394921567,272787780,2579702,0,24.89,5.23,99.1
627,740,0,33296,427675321,159779,489705477,289513427,3334226,0,25.79,5.34,99.0
628,6437,0,69143,421942599,162600,491433751,322995958,3313090,0,25.52,5.38,99.0
629,3282,0,52520,570352959,190386,619816978,426632322,4195814,0,31.15,5.64,99.3
